Date,Close,High,Low,Open,Volume,SMA_50,SMA_200,MACD,Signal,RSI,Momentum
2021-10-18,4486.4599609375,4488.75,4447.47021484375,4463.72021484375,3662010000.0,4437.89337890625,4174.939049072265,0.6878870663131238,-15.000972221597104,59.86900331098999,135.81005859375
2021-10-19,4519.6298828125,4520.39990234375,4496.41015625,4497.33984375,3459130000.0,4439.638974609375,4179.033948974609,9.452596206126145,-10.110258536052456,62.98833019575534,155.830078125
2021-10-20,4536.18994140625,4540.8701171875,4524.39990234375,4524.419921875,3670760000.0,4441.6277734375,4183.080598144531,17.532841987462234,-4.581638431349518,64.47303841352743,97.93017578125
2021-10-21,4549.77978515625,4551.43994140625,4526.89013671875,4532.240234375,3822330000.0,4443.775166015625,4187.088797607422,24.74780451429251,1.284250157778888,65.68941440972065,78.40966796875
2021-10-22,4544.89990234375,4559.669921875,4524.0,4546.1201171875,3758220000.0,4445.4565625,4190.794346923828,29.729248269481104,6.973249780119332,64.8310485520579,58.43994140625
2021-10-25,4566.47998046875,4572.6201171875,4537.35986328125,4553.68994140625,3899400000.0,4447.426162109375,4194.503347167969,35.01478168001904,12.581556160099275,66.89142168837833,46.85009765625
2021-10-26,4574.7900390625,4598.52978515625,4569.169921875,4578.68994140625,3879740000.0,4449.327763671875,4198.379246826172,39.41975091592485,17.94919511126439,67.67672525233169,38.60009765625
2021-10-27,4551.68017578125,4584.56982421875,4551.66015625,4580.22021484375,4226050000.0,4451.399765625,4202.131697998047,40.578187851353505,22.474993659282216,63.18812934401968,1.900390625
2021-10-28,4596.419921875,4597.5498046875,4562.83984375,4562.83984375,4132950000.0,4455.322763671875,4206.064597167969,44.592348240134925,26.89846457545276,67.66002512307281,51.52001953125
2021-10-29,4605.3798828125,4608.080078125,4567.58984375,4572.8701171875,4510200000.0,4459.314365234375,4210.113796386719,47.943925505675,31.10755676149721,68.48569937809353,38.89990234375
2021-11-01,4613.669921875,4620.33984375,4595.06005859375,4610.6201171875,3971540000.0,4462.754365234375,4214.340895996093,50.68474926564886,35.02299526232754,69.26751068698582,38.8798828125
2021-11-02,4630.64990234375,4635.14990234375,4613.33984375,4613.33984375,3975250000.0,4465.776767578125,4218.499595947265,53.60904268460945,38.740204746783924,70.86199197360561,78.9697265625
2021-11-03,4660.56982421875,4663.4599609375,4621.18994140625,4630.64990234375,4319660000.0,4469.263564453125,4222.543194580078,57.676000895367,42.52736397650054,73.4735997767189,64.14990234375
2021-11-04,4680.06005859375,4683.0,4662.58984375,4662.93017578125,4462300000.0,4472.940966796875,4226.67814453125,61.75986433376147,46.37386404795273,75.0428234108132,74.68017578125
2021-11-05,4697.52978515625,4718.5,4681.31982421875,4699.259765625,4467180000.0,4477.4915625,4230.958443603516,65.64925274394318,50.22894178715082,76.39097375369646,83.85986328125
2021-11-08,4701.7001953125,4714.919921875,4694.39013671875,4701.47998046875,4269710000.0,4481.3381640625,4235.190144042968,68.28103703510806,53.83936083674227,76.71435034316536,71.05029296875
2021-11-09,4685.25,4708.52978515625,4670.8701171875,4707.25,4117080000.0,4484.46736328125,4239.3682934570315,68.25257852565028,56.72200437452388,72.4961938899222,24.68017578125
2021-11-10,4646.7099609375,4684.85009765625,4630.85986328125,4670.259765625,4503720000.0,4486.947958984375,4243.847993164062,64.37805573945752,58.25321464751061,63.66405045653397,-33.35009765625
2021-11-11,4649.27001953125,4664.5498046875,4648.31005859375,4659.39013671875,3926870000.0,4489.4515625,4248.157443847656,60.8130291054531,58.76517753909911,63.97798660480322,-48.259765625
2021-11-12,4682.85009765625,4688.47021484375,4650.77001953125,4655.240234375,3728600000.0,4492.369560546875,4253.000494384765,60.00564376849252,59.0132707849778,67.89611678591696,-18.85009765625
2021-11-15,4682.7998046875,4697.419921875,4672.85986328125,4689.2998046875,3488410000.0,4495.316953125,4257.545192871094,58.68523993412418,58.94766461480708,67.88420738351302,-2.4501953125
2021-11-16,4700.89990234375,4714.9501953125,4679.419921875,4679.419921875,3972640000.0,4498.93435546875,4261.918142089844,58.42584027653811,58.84329974715329,69.92856746868934,54.18994140625
2021-11-17,4688.669921875,4701.5,4684.41015625,4701.5,3969070000.0,4502.426357421875,4266.2106420898435,56.581174407400795,58.390874679202796,66.83287083657697,39.39990234375
2021-11-18,4704.5400390625,4708.7998046875,4672.77978515625,4700.72021484375,4226410000.0,4506.6515625,4270.374642333984,55.7571159162535,57.864122926612936,68.7652018301213,21.68994140625
2021-11-19,4697.9599609375,4717.75,4694.22021484375,4708.43994140625,4253180000.0,4511.43916015625,4274.430291748047,53.95117079878855,57.08153250104806,67.02169111585285,15.16015625
2021-11-22,4682.93994140625,4743.830078125,4682.169921875,4712.0,4441100000.0,4515.723359375,4278.267041015625,50.723250179491515,55.80987603673675,63.089478719454334,-17.9599609375
2021-11-23,4690.7001953125,4699.39013671875,4652.66015625,4678.47998046875,4277590000.0,4520.6763671875,4282.164392089844,48.2352613998637,54.29495310936215,64.25631786651257,2.0302734375
2021-11-24,4701.4599609375,4702.8701171875,4659.89013671875,4675.77978515625,3418430000.0,4525.0915625,4286.122292480469,46.59462173462998,52.754886834415714,65.86748525506066,-3.080078125
2021-11-26,4594.6201171875,4664.6298828125,4585.43017578125,4664.6298828125,3517700000.0,4527.50896484375,4289.513493652344,36.25539090876737,49.454987649286046,44.44468218848733,-103.33984375
2021-11-29,4655.27001953125,4672.9501953125,4625.259765625,4628.75,4336410000.0,4531.954560546875,4293.115693359375,32.579855936907734,46.07996130681039,53.65880481921827,-27.669921875
2021-11-30,4567.0,4646.02001953125,4560.0,4640.25,6625990000.0,4536.1399609375,4296.287742919922,22.28739984607091,41.3214490146625,42.587914961879285,-123.7001953125
2021-12-01,4513.0400390625,4652.93994140625,4510.27001953125,4602.81982421875,5366730000.0,4539.316962890625,4299.1962927246095,9.665023975374424,34.99016400680488,37.495087184074684,-188.419921875
2021-12-02,4577.10009765625,4595.4599609375,4504.72998046875,4504.72998046875,5077180000.0,4542.946162109375,4302.511943359375,4.775759531733456,28.947283111790597,45.784048025600256,-17.52001953125
2021-12-03,4538.43017578125,4608.02978515625,4495.1201171875,4589.490234375,5240070000.0,4544.735166015625,4305.670544433594,-2.194065461509126,22.719013397130652,42.15028118895208,-116.83984375
2021-12-06,4591.669921875,4612.60009765625,4540.509765625,4548.3701171875,4770800000.0,4547.45896484375,4309.246394042969,-3.3827056913405613,17.49866957943641,48.24109485929885,24.669921875
2021-12-07,4686.75,4694.0400390625,4631.97021484375,4631.97021484375,4492400000.0,4552.331767578125,4313.273293457031,3.3093084028532758,14.660797344119784,56.95703900756804,173.7099609375
2021-12-08,4701.2099609375,4705.06005859375,4674.52001953125,4690.85986328125,4234600000.0,4559.303369140625,4317.152193603516,9.668127629467563,13.66226340118934,58.11229491389826,124.10986328125
2021-12-09,4667.4501953125,4695.259765625,4665.97998046875,4691.0,3903840000.0,4565.463173828125,4321.342744140625,11.84684369585284,13.29917946012204,54.43862451721847,129.02001953125
2021-12-10,4712.02001953125,4713.56982421875,4670.240234375,4687.64013671875,3870110000.0,4573.5527734375,4325.847094726562,16.97423578017606,14.034190724132845,58.19593320393552,120.35009765625
2021-12-13,4668.97021484375,4710.2998046875,4667.60009765625,4710.2998046875,4397230000.0,4579.791376953125,4329.682845458984,17.363812272535142,14.700115033813306,53.598185999195394,-17.77978515625
2021-12-14,4634.08984375,4660.47021484375,4606.52001953125,4642.990234375,4485430000.0,4586.463974609375,4333.501844482422,14.688678072204311,14.697827641491509,50.14161587058268,-67.1201171875
2021-12-15,4709.85009765625,4712.60009765625,4611.22021484375,4636.4599609375,4910130000.0,4593.746572265625,4337.952495117188,18.468935884156053,15.45204929002442,56.6768390716296,42.39990234375
2021-12-16,4668.669921875,4731.990234375,4651.89013671875,4719.1298828125,4829500000.0,4599.848974609375,4342.453494873047,17.935175863857694,15.948674604791075,52.63803010417081,-43.35009765625
2021-12-17,4620.64013671875,4666.7001953125,4600.22021484375,4652.5,7987090000.0,4604.26658203125,4346.34699584961,13.48116249231225,15.45517218229531,48.313642595695235,-48.330078125
2021-12-20,4568.02001953125,4587.89990234375,4531.10009765625,4587.89990234375,4635700000.0,4607.800185546875,4350.080345458984,5.640303209137528,13.492198387663755,44.04448342653409,-66.06982421875
2021-12-21,4649.22998046875,4651.14013671875,4583.16015625,4594.9599609375,4072430000.0,4613.560986328125,4353.949295654297,5.9111903616740165,11.975996782465808,51.20997197570162,-60.6201171875
2021-12-22,4696.56005859375,4697.669921875,4645.52978515625,4650.35986328125,3319610000.0,4620.479189453125,4357.938045654297,9.831678660822035,11.547133158137054,54.839686335577824,27.89013671875
2021-12-23,4725.7900390625,4740.740234375,4703.9599609375,4703.9599609375,2913040000.0,4627.718994140625,4361.870295410156,15.122980714232654,12.262302669356174,56.968809245720195,105.14990234375
2021-12-27,4791.18994140625,4791.490234375,4733.990234375,4733.990234375,2770290000.0,4634.77759765625,4366.109544677734,24.313332302426716,14.672508595970283,61.358473607059196,223.169921875
2021-12-28,4786.35009765625,4807.02001953125,4780.0400390625,4795.490234375,2707920000.0,4641.077197265625,4370.196595458984,30.85059079970233,17.908125036716694,60.863656262123015,137.1201171875
2021-12-29,4793.06005859375,4804.06005859375,4778.080078125,4788.64013671875,2963310000.0,4647.20919921875,4374.348345947265,36.1560683774851,21.557713704870377,61.32927030135661,96.5
2021-12-30,4778.72998046875,4808.93017578125,4775.330078125,4794.22998046875,3124950000.0,4652.391201171875,4378.371395263672,38.75760647686002,24.997692259268305,59.695830746413264,52.93994140625
2021-12-31,4766.18017578125,4786.830078125,4765.75,4775.2099609375,2677820000.0,4656.991005859375,4382.6249963378905,39.35304243176233,27.868762293767112,58.23305438709087,-25.009765625
2022-01-03,4796.56005859375,4796.64013671875,4758.169921875,4778.14013671875,3831020000.0,4661.926611328125,4387.042296142578,41.794550798204,30.65391999465449,60.74093954122302,10.2099609375
2022-01-04,4793.5400390625,4818.6201171875,4774.27001953125,4804.509765625,4683170000.0,4666.8994140625,4391.3070458984375,42.99020906231726,33.12117780818705,60.352983948167235,0.47998046875
2022-01-05,4700.580078125,4797.7001953125,4699.43994140625,4787.990234375,4887960000.0,4669.581416015625,4395.257346191406,36.02145202565589,33.70123265168082,49.80750794356108,-78.14990234375
2022-01-06,4696.0498046875,4725.009765625,4671.259765625,4693.39013671875,4295280000.0,4672.006611328125,4399.291895751953,29.78970943467357,32.91892800827937,49.3549116561998,-70.13037109375
2022-01-07,4677.02978515625,4707.9501953125,4662.740234375,4697.66015625,4181510000.0,4674.513603515625,4403.129444580078,23.05053964227045,30.945250335077592,47.407169665712864,-119.5302734375
2022-01-10,4670.2900390625,4673.02001953125,4582.240234375,4655.33984375,4511810000.0,4675.991005859375,4406.608194580078,16.970235533708546,28.150247374803783,46.703820913252024,-123.25
2022-01-11,4713.06982421875,4714.1298828125,4638.27001953125,4669.14013671875,4101590000.0,4678.1448046875,4410.318093261719,15.425703945064015,25.60533868885583,51.61121728030237,12.48974609375
2022-01-12,4726.35009765625,4748.830078125,4706.7099609375,4728.58984375,4048220000.0,4680.398408203125,4414.157093505859,15.099204382649077,23.50411182761448,53.05627666918203,30.30029296875
2022-01-13,4659.02978515625,4744.1298828125,4650.2900390625,4733.56005859375,4251730000.0,4680.966005859375,4417.58779296875,9.301047837935585,20.663499029678704,45.61904988208277,-18.0
2022-01-14,4662.85009765625,4665.1298828125,4614.75,4637.990234375,4338490000.0,4681.011611328125,4420.802692871093,4.957092022698816,17.52221762828273,46.080956182518875,-7.43994140625
2022-01-18,4577.10986328125,4632.240234375,4568.7001953125,4632.240234375,4748700000.0,4678.952607421875,4423.298692626953,-5.342460056449454,12.949282091336293,38.232109922212025,-135.9599609375
2022-01-19,4532.759765625,4611.5498046875,4530.2001953125,4588.02978515625,4465740000.0,4675.65720703125,4425.592791748047,-16.888926483557043,6.9816403763576265,34.918965923367224,-193.59033203125
2022-01-20,4482.72998046875,4602.10986328125,4477.9501953125,4547.35009765625,4640870000.0,4671.277802734375,4427.606691894532,-29.73381692770363,-0.36145108445462476,31.5929732626269,-176.2998046875
2022-01-21,4397.93994140625,4494.52001953125,4395.33984375,4471.3798828125,5589100000.0,4665.5316015625,4429.110541992188,-46.22250837550837,-9.533662542665374,26.914105751768943,-264.91015625
2022-01-24,4410.1298828125,4417.35009765625,4222.6201171875,4356.31982421875,6928110000.0,4660.8,4430.517192382813,-57.64182961559254,-19.155295957250807,28.552353727053614,-166.97998046875
2022-01-25,4356.4501953125,4411.009765625,4287.10986328125,4366.64013671875,5145050000.0,4654.943603515625,4431.6594921875,-70.21384463713275,-29.367005693227195,25.808837334277285,-176.3095703125
2022-01-26,4349.93017578125,4453.22998046875,4304.7998046875,4408.43017578125,5570640000.0,4648.285205078125,4432.701193847656,-79.78367170052297,-39.450338894686354,25.488481084067885,-132.7998046875
2022-01-27,4326.509765625,4428.740234375,4309.5,4380.580078125,5214200000.0,4641.159404296875,4433.710441894531,-88.24047865210468,-49.20836684617002,24.32067516779341,-71.43017578125
2022-01-28,4431.85009765625,4432.72021484375,4292.4599609375,4336.18994140625,5031090000.0,4635.778408203125,4435.017592773437,-85.45737523387561,-56.458168523711144,38.06562980030575,21.72021484375
2022-01-31,4515.5498046875,4516.89013671875,4414.02001953125,4431.7900390625,5098610000.0,4632.316005859375,4436.667990722656,-75.6261081745497,-60.29175645387886,46.39621410872197,159.099609375
2022-02-01,4546.5400390625,4550.490234375,4483.52978515625,4519.56982421875,4816830000.0,4629.156005859375,4438.584392089844,-64.58955707337282,-61.151316577777656,49.12478714845573,196.60986328125
2022-02-02,4589.3798828125,4595.31005859375,4544.31982421875,4566.39013671875,4481580000.0,4626.984404296875,4440.856591796875,-51.78919979098737,-59.278893220419604,52.7084824020246,262.8701171875
2022-02-03,4477.43994140625,4542.8798828125,4470.39013671875,4535.41015625,4401970000.0,4622.874404296875,4442.376691894531,-50.099921464934596,-57.443098869322604,43.988998380751184,45.58984375
2022-02-04,4500.52978515625,4539.66015625,4451.5,4482.7900390625,4706290000.0,4619.07099609375,4444.204440917969,-46.36354867141745,-55.22718882974158,45.97432108496971,-15.02001953125
2022-02-07,4483.8701171875,4521.85986328125,4471.47021484375,4505.75,4228480000.0,4614.71919921875,4445.722941894532,-44.23680790281924,-53.02911264435711,44.74205711779805,-62.669921875
2022-02-08,4521.5400390625,4531.31982421875,4465.39990234375,4480.02001953125,4459620000.0,4613.25759765625,4447.392541503907,-39.06142683308826,-50.23557548210334,48.12766958491053,-67.83984375
2022-02-09,4587.18017578125,4590.02978515625,4547.0,4547.0,4524350000.0,4611.89580078125,4449.394841308594,-29.325246406782753,-46.05350966703923,53.47667148021326,109.740234375
2022-02-10,4504.080078125,4588.919921875,4484.31005859375,4553.240234375,5314860000.0,4610.63740234375,4450.999340820313,-27.99206159628011,-42.44122005288741,46.88510514233482,3.55029296875
2022-02-11,4418.64013671875,4526.330078125,4401.41015625,4506.27001953125,5251500000.0,4608.749404296875,4452.035190429688,-33.4442675509863,-40.64182955250719,41.25467561539728,-65.22998046875
2022-02-14,4401.669921875,4426.22021484375,4364.83984375,4412.60986328125,4600390000.0,4605.24080078125,4453.137690429688,-38.68855696114315,-40.251175034234386,40.221495754686394,-119.8701171875
2022-02-15,4471.06982421875,4472.77001953125,4429.27978515625,4429.27978515625,4430830000.0,4603.89359375,4454.529738769531,-36.8202609335749,-39.56499221410249,46.15983912756553,-116.1103515625
2022-02-16,4475.009765625,4489.5498046875,4429.68017578125,4455.75,4283640000.0,4601.560390625,4456.081486816406,-34.62259480625107,-38.57651273253221,46.48486093919872,-29.0703125
2022-02-17,4380.259765625,4456.06005859375,4373.81005859375,4456.06005859375,4539420000.0,4595.4305859375,4457.144836425781,-40.06462168876169,-38.8741345237781,40.19986636589641,-38.38037109375
2022-02-18,4348.8701171875,4394.60009765625,4327.22021484375,4384.56982421875,4708060000.0,4588.3837890625,4457.881086425781,-46.37575861806454,-40.37445934263539,38.34995814768803,-52.7998046875
2022-02-22,4304.759765625,4362.1201171875,4267.10986328125,4332.740234375,5121900000.0,4581.12998046875,4458.241884765625,-54.310657378281576,-43.16169894976463,35.85311523325616,-166.31005859375
2022-02-23,4225.5,4341.509765625,4221.509765625,4324.93017578125,4797430000.0,4571.399580078125,4458.427233886719,-66.23124987698975,-47.775609135209656,31.841520341290575,-249.509765625
2022-02-24,4288.7001953125,4294.72998046875,4114.64990234375,4155.77001953125,6752130000.0,4563.7941796875,4459.110234375,-69.7743623239603,-52.17535977295979,37.8162392303392,-91.5595703125
2022-02-25,4384.64990234375,4385.33984375,4286.830078125,4298.3798828125,5177060000.0,4558.805380859375,4460.718283691406,-64.10104801269517,-54.56049742090687,45.61124774088124,35.77978515625
2022-02-28,4373.93994140625,4388.83984375,4315.1201171875,4354.169921875,6071370000.0,4552.087177734375,4462.025483398437,-59.78000322238586,-55.60439858120267,44.9341596865048,69.18017578125
2022-03-01,4306.259765625,4378.4501953125,4279.5400390625,4363.14013671875,5846230000.0,4544.838974609375,4462.687531738281,-61.11230405329934,-56.70597967562201,40.81118491556833,80.759765625
2022-03-02,4386.5400390625,4401.47998046875,4322.56005859375,4322.56005859375,5337870000.0,4540.15697265625,4463.803781738281,-55.055568600416336,-56.37589746058088,47.02088724404034,97.83984375
2022-03-03,4363.490234375,4416.77978515625,4345.56005859375,4401.31005859375,5039890000.0,4536.066376953125,4464.982082519531,-51.52158001724001,-55.40503397191271,45.543479292637144,-21.15966796875
2022-03-04,4328.8701171875,4342.1201171875,4284.97998046875,4342.1201171875,5797380000.0,4529.6591796875,4466.048032226562,-50.92736378022528,-54.50949993357523,43.340794044006365,-45.06982421875
2022-03-07,4201.08984375,4327.009765625,4199.85009765625,4327.009765625,6940470000.0,4519.749775390625,4466.257880859375,-60.07473909632154,-55.62254776612449,36.35237429910301,-105.169921875
2022-03-08,4170.7001953125,4276.93994140625,4157.8701171875,4202.66015625,7243120000.0,4508.647978515625,4466.3320825195315,-68.98111918689483,-58.29426205027856,34.910636031687986,-215.83984375
2022-03-09,4277.8798828125,4299.39990234375,4223.10009765625,4223.10009765625,5662670000.0,4498.38177734375,4466.736232910156,-66.62299610473019,-59.960008861168895,43.43177571100463,-85.6103515625
2022-03-10,4259.52001953125,4268.27978515625,4209.7998046875,4252.5498046875,4980830000.0,4487.84517578125,4467.09318359375,-65.48083183082963,-61.06417345510104,42.4076034092326,-69.35009765625
2022-03-11,4204.31005859375,4291.009765625,4200.490234375,4279.5,4938640000.0,4476.07017578125,4467.134782714844,-68.2439668838324,-62.50013214084731,39.39888172564278,3.22021484375
2022-03-14,4173.10986328125,4247.56982421875,4161.72021484375,4202.75,5574920000.0,4463.9577734375,4466.9959326171875,-72.12001172938926,-64.4241080585557,37.76812827944447,2.40966796875
2022-03-15,4262.4501953125,4271.0498046875,4187.89990234375,4188.81982421875,5392470000.0,4453.883173828125,4467.287634277343,-67.20805443233894,-64.98089733331236,44.81218065367799,-15.4296875
2022-03-16,4357.85986328125,4358.89990234375,4251.990234375,4288.14013671875,6309750000.0,4445.109169921875,4468.0667333984375,-54.98272344218822,-62.98126255508753,51.16893482416057,98.33984375
2022-03-17,4411.669921875,4412.669921875,4335.64990234375,4345.10986328125,4985090000.0,4437.471767578125,4469.084482421875,-40.485348636817434,-58.48207977143352,54.36177164678249,207.35986328125
2022-03-18,4463.1201171875,4465.39990234375,4390.56982421875,4407.33984375,8278430000.0,4432.722568359375,4470.435832519532,-24.561345973643256,-51.69793301187547,57.24062858731883,290.01025390625
2022-03-21,4461.18017578125,4481.75,4424.2998046875,4462.39990234375,4869820000.0,4428.02517578125,4471.592282714843,-11.960127293036749,-43.75037186810773,57.09438696647591,198.72998046875
2022-03-22,4511.60986328125,4522.0,4469.10009765625,4469.10009765625,4754840000.0,4424.71677734375,4473.0177319335935,2.0718011865610606,-34.585937257173974,59.95830999641362,153.75
2022-03-23,4456.240234375,4501.06982421875,4455.81005859375,4493.10009765625,4550670000.0,4420.43578125,4474.162634277343,8.624916621797638,-25.943766481379654,55.572243799145646,44.5703125
2022-03-24,4520.16015625,4520.580078125,4465.169921875,4469.97998046875,4131390000.0,4416.577587890625,4475.665686035156,18.75985933035372,-17.00304131903298,59.27586821807713,57.0400390625
2022-03-25,4543.06005859375,4546.02978515625,4501.06982421875,4522.91015625,4305020000.0,4412.911787109375,4477.185085449219,28.313326775243695,-7.939767700177646,60.544858346704494,81.8798828125
2022-03-28,4575.52001953125,4575.64990234375,4517.68994140625,4541.08984375,4312260000.0,4411.241591796875,4478.825485839844,38.06497676525487,1.2611811929088566,62.336401474691584,63.91015625
2022-03-29,4631.60009765625,4637.2998046875,4589.66015625,4602.85986328125,5085910000.0,4410.616591796875,4480.707736816406,49.74499393816586,10.957943741960257,65.27045513878534,175.35986328125
2022-03-30,4602.4501953125,4627.77001953125,4581.31982421875,4624.2001953125,4385570000.0,4411.1233984375,4482.487038574219,56.00376169079573,19.96710733172735,62.54311727166045,82.2900390625
2022-03-31,4530.41015625,4603.06982421875,4530.41015625,4599.02001953125,4823020000.0,4411.07640625,4484.020588378906,54.5223514100544,26.87815614739276,56.283796554873014,-12.64990234375
2022-04-01,4545.85986328125,4548.7001953125,4507.56982421875,4540.31982421875,4562940000.0,4412.33900390625,4485.640588378907,53.972820253447026,32.29708896860362,57.27143276262156,-29.66015625
2022-04-04,4582.64013671875,4583.5,4539.2099609375,4547.97021484375,4547350000.0,4416.0330078125,4487.721538085938,55.86123993199271,37.00991916128144,59.610804079855285,-48.9599609375
2022-04-05,4525.1201171875,4593.4501953125,4514.169921875,4572.4501953125,4800620000.0,4418.3328125,4489.223188476562,52.11568410577274,40.0310721501797,54.57824213844874,-77.330078125
2022-04-06,4481.14990234375,4503.93994140625,4450.0400390625,4494.169921875,4986830000.0,4420.826806640625,4490.39673828125,45.07962540418248,41.04078280098026,51.03152203446038,-49.26025390625
2022-04-07,4500.2099609375,4521.16015625,4450.2998046875,4474.64990234375,4821490000.0,4423.83240234375,4491.688588867188,40.573776390138846,40.94738151881198,52.47329025634669,-45.64990234375
2022-04-08,4488.27978515625,4520.41015625,4474.60009765625,4494.14990234375,4083200000.0,4427.067802734375,4492.797536621094,35.62947865139995,39.883800945329575,51.452140159806376,-94.3603515625
2022-04-11,4412.52978515625,4464.35009765625,4408.3798828125,4462.64013671875,4266290000.0,4426.681396484375,4493.456684570312,25.30697211932329,36.968435180128324,45.40960129751609,-112.59033203125
2022-04-12,4397.4501953125,4471.0,4381.33984375,4437.58984375,4152090000.0,4424.319404296875,4493.990886230469,15.728209440053433,32.72039003211335,44.294392132580754,-83.69970703125
2022-04-13,4446.58984375,4453.919921875,4392.7001953125,4394.2998046875,3828150000.0,4422.320400390625,4494.764836425781,11.964213946294876,28.569154814949655,48.71447719394669,-53.6201171875
2022-04-14,4392.58984375,4460.4599609375,4390.77001953125,4449.1201171875,4083090000.0,4418.384599609375,4495.2402856445315,4.571178001654516,23.76955945229063,44.532733052869155,-95.68994140625
2022-04-18,4391.68994140625,4410.31005859375,4370.2998046875,4385.6298828125,3910490000.0,4416.669599609375,4495.599035644531,-1.344966905489855,18.746654180734534,44.46423211480556,-20.83984375
2022-04-19,4462.2099609375,4471.02978515625,4390.6298828125,4390.6298828125,4108120000.0,4415.903203125,4496.1483862304685,-0.3392672900135949,14.92946988658491,50.84517741722027,64.759765625
2022-04-20,4459.4501953125,4488.2900390625,4448.759765625,4472.259765625,4290450000.0,4415.4148046875,4496.7279370117185,0.23238805447635968,11.990053520163201,50.60015346728674,12.8603515625
2022-04-21,4393.66015625,4512.93994140625,4384.47021484375,4489.169921875,4636890000.0,4412.85720703125,4496.905588378906,-4.570590367839941,8.677924742562572,45.02924457480697,1.0703125
2022-04-22,4271.77978515625,4385.830078125,4267.6201171875,4385.830078125,4651940000.0,4406.54919921875,4496.660388183594,-18.004171835904344,3.341505426869189,36.91978838382815,-119.91015625
2022-04-25,4296.1201171875,4299.02001953125,4200.81982421875,4255.33984375,5240040000.0,4402.39,4496.293239746094,-26.382202945588688,-2.6032362476223865,39.27193259419209,-166.08984375
2022-04-26,4175.2001953125,4278.14013671875,4175.0400390625,4278.14013671875,4689970000.0,4397.521201171875,4495.246091308593,-42.29156920165951,-10.540902838429812,32.74045354925816,-284.25
2022-04-27,4183.9599609375,4240.7099609375,4162.89990234375,4186.52001953125,4769680000.0,4393.167001953125,4494.319841308594,-53.575432466937855,-19.147808764131423,33.601970382278324,-209.7001953125
2022-04-28,4287.5,4308.4501953125,4188.6298828125,4222.580078125,4854180000.0,4389.49560546875,4493.885842285156,-53.54591558469838,-26.027430128244816,42.910232954476925,15.72021484375
2022-04-29,4131.93017578125,4269.68017578125,4124.27978515625,4253.75,5084030000.0,4382.634013671875,4492.745344238281,-65.32270838575369,-33.88648577974659,34.97629265960329,-164.18994140625
2022-05-02,4155.3798828125,4169.81005859375,4062.510009765625,4130.60986328125,5163790000.0,4378.136416015625,4491.886442871094,-71.93449012328074,-41.49608664845342,36.871049012533504,-19.8203125
2022-05-03,4175.47998046875,4200.10009765625,4147.080078125,4159.77978515625,4582050000.0,4374.66861328125,4491.471391601563,-74.69146813738826,-48.13516294624039,38.52464021589792,-8.47998046875
2022-05-04,4300.169921875,4307.66015625,4148.91015625,4181.18017578125,5136360000.0,4374.57681640625,4491.356940917969,-66.05353287230355,-51.718836931453026,47.680176492398125,12.669921875
2022-05-05,4146.8701171875,4270.43017578125,4106.009765625,4270.43017578125,5077030000.0,4373.00421875,4490.297841796875,-70.76221720809372,-55.52751298678117,39.826851842234255,14.93994140625
2022-05-06,4123.33984375,4157.68994140625,4067.909912109375,4128.169921875,5116940000.0,4369.69701171875,4489.077141113281,-75.5220091732217,-59.52641222406928,38.7712608454813,-32.0400390625
2022-05-09,3991.239990234375,4081.27001953125,3975.47998046875,4081.27001953125,5954520000.0,4361.828813476563,4486.974390869141,-88.92842128762368,-65.40681403678016,33.41649335201292,-184.239990234375
2022-05-10,4001.050048828125,4068.820068359375,3958.169921875,4035.179931640625,5885820000.0,4354.371015625,4484.868142089844,-97.63602244342019,-71.85265571810817,34.14390560687865,-299.119873046875
2022-05-11,3935.179931640625,4049.090087890625,3928.820068359375,3990.080078125,5816140000.0,4346.949418945313,4482.53674194336,-108.6001520996042,-79.20215499440738,31.64408944516248,-211.690185546875
2022-05-12,3930.080078125,3964.800048828125,3858.8701171875,3903.949951171875,6286450000.0,4337.820219726563,4480.183941650391,-116.35949952265219,-86.63362390005635,31.45209072043758,-193.259765625
2022-05-13,4023.889892578125,4038.8798828125,3963.89990234375,3963.89990234375,5183340000.0,4331.028212890625,4478.2076416015625,-113.62932213963177,-92.03276354797144,38.807081987756035,32.64990234375
2022-05-16,4008.010009765625,4046.4599609375,3983.989990234375,4013.02001953125,4415030000.0,4324.611010742187,4476.271392822266,-111.4621445039079,-95.91863973915873,38.062573258997844,6.9599609375
2022-05-17,4088.85009765625,4090.719970703125,4033.929931640625,4052.0,4841410000.0,4322.366215820312,4474.779842529297,-102.04520749884523,-97.14395329109604,43.957034058747965,153.670166015625
2022-05-18,3923.679931640625,4051.97998046875,3911.909912109375,4051.97998046875,5103220000.0,4317.425810546875,4472.282492675781,-106.68032471266224,-99.05122757540929,36.346095720719724,-6.400146484375
2022-05-19,3900.7900390625,3945.9599609375,3876.580078125,3899.0,5113550000.0,4309.884013671875,4469.7731420898435,-110.92207094382002,-101.42539624909143,35.4305407279501,-123.099853515625
2022-05-20,3901.360107421875,3943.419921875,3810.320068359375,3927.760009765625,5130730000.0,4302.720815429688,4467.134442138672,-112.9358316723974,-103.72748333375263,35.474134893246,-106.64990234375
2022-05-23,3973.75,3981.8798828125,3909.0400390625,3919.419921875,4420030000.0,4298.109614257813,4464.8205920410155,-107.45185412676165,-104.47235749235443,40.92816305487006,-115.10009765625
2022-05-24,3941.47998046875,3955.679931640625,3875.1298828125,3942.93994140625,4923190000.0,4293.477016601562,4462.366241455078,-104.50501454077312,-104.47888890203818,39.332147290731065,17.800048828125
2022-05-25,3978.72998046875,3999.330078125,3925.030029296875,3929.590087890625,4802560000.0,4287.8026123046875,4460.076141357422,-98.03378677920637,-103.18986847747182,42.13710805784364,77.93994140625
2022-05-26,4057.840087890625,4075.139892578125,3984.60009765625,3984.60009765625,4709970000.0,4281.802216796875,4458.153291015625,-85.53576458729685,-99.65904769943683,47.670657860835355,156.47998046875
2022-05-27,4158.240234375,4158.490234375,4077.429931640625,4077.429931640625,4375620000.0,4276.733623046875,4456.640341796875,-66.75997181610956,-93.07923252277138,53.7197036785281,184.490234375
2022-05-31,4132.14990234375,4168.33984375,4104.8798828125,4151.08984375,6822640000.0,4270.11421875,4454.9610913085935,-53.37007551278748,-85.1374011207746,52.03633875132912,190.669921875
2022-06-01,4101.22998046875,4166.5400390625,4073.85009765625,4149.77978515625,4531800000.0,4262.91521484375,4453.06869140625,-44.73775650149173,-77.05747219691803,50.035259505055066,122.5
2022-06-02,4176.81982421875,4177.509765625,4074.3701171875,4095.409912109375,4405790000.0,4256.2194140625,4451.712390136719,-31.43475257239743,-67.93292827201391,54.62880014384249,118.979736328125
2022-06-03,4108.5400390625,4142.669921875,4098.669921875,4137.56982421875,3711110000.0,4249.26541015625,4450.253740234375,-26.100760816228103,-59.56649478085675,50.14425413098094,-49.7001953125
2022-06-06,4121.43017578125,4168.77978515625,4109.18017578125,4134.72021484375,4332700000.0,4241.290810546875,4448.831892089844,-20.595989863702016,-51.772393797425806,50.962669364378584,-10.7197265625
2022-06-07,4160.68017578125,4164.85986328125,4080.18994140625,4096.47021484375,4248210000.0,4233.643212890625,4447.426943359375,-12.917368862563762,-44.0013888104534,53.46751820948657,59.4501953125
2022-06-08,4115.77001953125,4160.14013671875,4107.2001953125,4147.1201171875,4159470000.0,4224.448212890625,4445.60814453125,-10.336725341870988,-37.26845611673692,50.30141894358855,-61.0498046875
2022-06-09,4017.820068359375,4119.10009765625,4017.169921875,4101.64990234375,4134170000.0,4212.172612304687,4443.266094970703,-16.010727516385032,-33.016910396666546,44.15951354638729,-90.719970703125
2022-06-10,3900.860107421875,3974.389892578125,3900.159912109375,3974.389892578125,4889640000.0,4198.140810546875,4440.289445800781,-29.603851716316058,-32.33429866059645,38.16676671299834,-220.570068359375
2022-06-13,3749.6298828125,3838.14990234375,3734.300048828125,3838.14990234375,5636890000.0,4182.525205078125,4436.687595214844,-51.98031905870448,-36.26350274021806,32.10075830260081,-411.05029296875
2022-06-14,3735.47998046875,3778.179931640625,3705.679931640625,3763.52001953125,5153890000.0,4166.317607421875,4432.81814453125,-70.04813817137392,-43.02042982644923,31.594779302085158,-380.2900390625
2022-06-15,3789.989990234375,3837.56005859375,3722.300048828125,3764.050048828125,5530480000.0,4150.464604492187,4429.12414428711,-79.05719067810105,-50.2277819967796,35.793379418864234,-227.830078125
2022-06-16,3666.77001953125,3728.179931640625,3639.77001953125,3728.179931640625,5644930000.0,4133.297602539063,4424.844593505859,-95.0441418357218,-59.19105396456804,31.140420085516425,-234.090087890625
2022-06-17,3674.840087890625,3707.7099609375,3636.8701171875,3665.89990234375,8520740000.0,4117.17140625,4420.598344726563,-105.84264065891375,-68.52137130343719,31.766036231772105,-74.789794921875
2022-06-21,3764.7900390625,3779.64990234375,3715.31005859375,3715.31005859375,5292260000.0,4102.4630078125,4416.737543945313,-105.92132436526617,-76.00136191580299,38.47567082171595,29.31005859375
2022-06-22,3759.889892578125,3801.7900390625,3717.68994140625,3733.889892578125,5058990000.0,4087.8952099609373,4412.859842529297,-105.16678540044677,-81.83444661273175,38.2549826316909,-30.10009765625
2022-06-23,3795.72998046875,3802.580078125,3743.52001953125,3774.7099609375,5098640000.0,4075.5592138671873,4409.238343505859,-100.51810215866726,-85.57117772191886,40.923983887062064,128.9599609375
2022-06-24,3911.739990234375,3913.64990234375,3821.75,3821.75,8120260000.0,4065.845009765625,4406.226694335937,-86.47610622259435,-85.75216342205395,48.65994489630547,236.89990234375
2022-06-27,3900.110107421875,3927.719970703125,3889.659912109375,3920.760009765625,4325310000.0,4054.9154150390623,4403.260845947266,-75.41679970247878,-83.68509067813892,47.98161263700421,135.320068359375
2022-06-28,3821.550048828125,3945.860107421875,3820.139892578125,3913.0,4270120000.0,4043.494619140625,4400.075695800781,-72.15954941411246,-81.37998242533364,43.56379571513434,61.66015625
2022-06-29,3818.830078125,3836.5,3799.02001953125,3825.090087890625,4211240000.0,4032.037421875,4396.826196289063,-69.00221936491107,-78.90442981324912,43.4147507538289,23.10009765625
2022-06-30,3785.3798828125,3818.989990234375,3738.669921875,3785.989990234375,4840070000.0,4018.5008203125,4393.537846679687,-68.410569301549,-76.8056577109091,41.53282630175565,-126.360107421875
2022-07-01,3825.330078125,3829.820068359375,3752.10009765625,3781.0,4046950000.0,4005.81841796875,4390.26099609375,-63.980508009865844,-74.24062777070046,44.62041540098845,-74.780029296875
2022-07-05,3831.389892578125,3832.18994140625,3742.06005859375,3792.610107421875,5076590000.0,3994.5730126953126,4387.04919555664,-59.2971356681569,-71.25192935019174,45.09405918121574,9.83984375
2022-07-06,3845.080078125,3870.909912109375,3809.3701171875,3831.97998046875,4417720000.0,3986.0390185546876,4384.109644775391,-53.85998144606265,-67.77353976936593,46.213270198119645,26.25
2022-07-07,3902.6201171875,3910.6298828125,3858.85009765625,3858.85009765625,4057770000.0,3978.1690185546877,4381.834095458984,-44.39622523349817,-63.09807686219238,50.756714053081204,117.240234375
2022-07-08,3899.3798828125,3918.5,3869.340087890625,3888.260009765625,3521620000.0,3972.6526123046874,4379.560045166016,-36.73414176657707,-57.82528984306932,50.49802658539508,74.0498046875
2022-07-11,3854.429931640625,3880.93994140625,3847.219970703125,3880.93994140625,3423480000.0,3966.06201171875,4376.853994140625,-33.89821331171379,-53.039874536798216,46.92509628026949,23.0400390625
2022-07-12,3818.800048828125,3873.409912109375,3802.360107421875,3851.949951171875,3817210000.0,3956.6880126953124,4373.703094482422,-34.13229747244259,-49.25835912392709,44.25235814819727,-26.280029296875
2022-07-13,3801.780029296875,3829.43994140625,3759.070068359375,3779.669921875,4109390000.0,3950.085009765625,4370.434594726563,-35.284447048470156,-46.46357670883571,42.99263349264633,-100.840087890625
2022-07-14,3790.3798828125,3796.409912109375,3721.56005859375,3763.989990234375,4199690000.0,3942.785009765625,4367.170944824219,-36.6944397743282,-44.50974932193421,42.12758425463873,-109.0
2022-07-15,3863.159912109375,3863.6201171875,3817.179931640625,3818.0,4143800000.0,3936.5386083984376,4364.723594970703,-31.57515037319172,-41.92282953218571,49.16048737894008,8.72998046875
2022-07-18,3830.85009765625,3902.43994140625,3818.6298828125,3883.7900390625,4046870000.0,3927.1522119140627,4362.080545654297,-29.78190142128915,-39.494643910006396,46.46113395213294,12.050048828125
2022-07-19,3936.68994140625,3939.81005859375,3860.72998046875,3860.72998046875,4041070000.0,3922.9486083984375,4360.226295166016,-19.59447494704864,-35.51461011741485,55.149033420365555,134.909912109375
2022-07-20,3959.89990234375,3974.1298828125,3922.030029296875,3935.320068359375,4185300000.0,3919.6798095703125,4358.240594482422,-9.538067293332915,-30.31930155259846,56.804403116040916,169.52001953125
2022-07-21,3998.949951171875,3999.2900390625,3927.639892578125,3955.469970703125,4132790000.0,3919.8340087890624,4356.733044433594,1.564684105905144,-23.94250442089774,59.51198461572019,135.7900390625
2022-07-22,3961.6298828125,4012.43994140625,3938.860107421875,3998.429931640625,3979240000.0,3919.04560546875,4354.812592773437,7.268490328995085,-17.700305470919176,55.90535924040856,130.77978515625
2022-07-25,3966.840087890625,3975.300048828125,3943.4599609375,3965.719970703125,3568340000.0,3919.67880859375,4352.829044189453,12.070081474924336,-11.746228081750473,56.303503344607975,30.150146484375
2022-07-26,3921.050048828125,3953.219970703125,3910.739990234375,3953.219970703125,3778950000.0,3919.4982080078125,4350.4354956054685,12.041694425012338,-6.988643580397912,51.8707093563822,-38.849853515625
2022-07-27,4023.610107421875,4039.56005859375,3951.429931640625,3951.429931640625,4112180000.0,3919.4926123046876,4348.596846923828,20.063655747516805,-1.5781837148149684,59.55195411686047,24.66015625
2022-07-28,4072.429931640625,4078.949951171875,3992.969970703125,4026.1298828125,4413000000.0,3920.7810107421874,4347.153046875,30.014481442171018,4.74034931658223,62.61088694566324,110.800048828125
2022-07-29,4130.2900390625,4140.14990234375,4079.219970703125,4087.330078125,4616360000.0,3921.6098095703123,4346.051247558594,42.08428813183991,12.209137079633768,65.9021811310017,163.449951171875
2022-08-01,4118.6298828125,4144.9501953125,4096.02001953125,4112.3798828125,4202810000.0,3925.50880859375,4344.825397949218,50.13094144275601,19.793497952258218,64.66676716070319,197.579833984375
2022-08-02,4091.18994140625,4140.47021484375,4079.81005859375,4104.2099609375,4727710000.0,3929.316806640625,4343.090048828125,53.67506547510902,26.56981145682838,61.73385143092164,67.579833984375
2022-08-03,4155.169921875,4167.66015625,4107.9599609375,4107.9599609375,4351760000.0,3934.3930029296876,4341.509047851562,60.94393527602551,33.44463622066781,65.64621037677381,82.739990234375
2022-08-04,4151.93994140625,4161.2900390625,4135.419921875,4154.85009765625,4283320000.0,3937.9568017578126,4339.836447753906,65.6867386977433,39.89305671608291,65.28332731376014,21.64990234375
2022-08-05,4145.18994140625,4151.580078125,4107.31005859375,4115.8701171875,4085940000.0,3942.0310009765626,4337.964248046875,68.11558196321766,45.537561765509864,64.48113541116601,26.56005859375
2022-08-08,4140.06005859375,4186.6201171875,4128.97021484375,4155.93017578125,4221090000.0,3945.2576025390626,4335.983598632813,68.83305447433577,50.196660307275046,63.839111531288374,48.8701171875
2022-08-09,4122.47021484375,4137.2998046875,4112.08984375,4133.10986328125,3913090000.0,3946.550205078125,4333.84705078125,67.20757612009129,53.5988434698383,61.57517935735949,-32.69970703125
2022-08-10,4210.240234375,4211.02978515625,4177.259765625,4181.02001953125,4546010000.0,3947.590205078125,4332.173752441407,72.1697518892579,57.31302515372222,67.72558610239209,58.30029296875
2022-08-11,4207.27001953125,4257.91015625,4201.41015625,4227.39990234375,4630200000.0,3949.092607421875,4330.377702636719,74.99810890731715,60.85004190444121,67.33280997657712,62.080078125
2022-08-12,4280.14990234375,4280.47021484375,4219.77978515625,4225.02001953125,3788010000.0,3952.671005859375,4328.904501953125,82.17315865970113,65.1146652554932,71.6737681279328,140.08984375
2022-08-15,4297.14013671875,4301.7900390625,4256.89990234375,4269.3701171875,3696830000.0,3955.077412109375,4327.631801757812,88.21353646530542,69.73443949745564,72.58827418535908,174.669921875
2022-08-16,4305.2001953125,4325.27978515625,4277.77001953125,4290.4599609375,4329820000.0,3959.010615234375,4326.175703125,92.58371136930691,74.30429387182589,73.0330620484405,94.9599609375
2022-08-17,4274.0400390625,4302.18017578125,4253.080078125,4280.39990234375,3885030000.0,3962.0628125,4324.51900390625,92.46684207621092,77.9368035127029,68.41147023063692,66.77001953125
2022-08-18,4283.740234375,4292.52978515625,4261.97998046875,4273.1298828125,3340330000.0,3964.524013671875,4322.86935546875,92.09532938345819,80.76850868685396,69.06769096833665,3.59033203125
2022-08-19,4228.47998046875,4266.31005859375,4218.7001953125,4266.31005859375,3761340000.0,3966.778212890625,4320.858505859375,86.34651337942523,81.88410962536823,61.2601276202374,-68.66015625
2022-08-22,4137.990234375,4195.080078125,4129.85986328125,4195.080078125,3907430000.0,3969.1816162109376,4318.245607910157,73.63989416218283,80.23526653273115,51.07786112589481,-167.2099609375
2022-08-23,4128.72998046875,4159.77001953125,4124.02978515625,4133.08984375,3823520000.0,3973.739013671875,4315.488957519531,62.10665492923363,76.60954421203165,50.15905451228127,-145.31005859375
2022-08-24,4140.77001953125,4156.56005859375,4119.97021484375,4126.5498046875,3583630000.0,3981.56181640625,4312.705158691406,53.32333209439639,71.9523017885046,51.38356965747915,-142.97021484375
2022-08-25,4199.1201171875,4200.5400390625,4147.58984375,4153.259765625,3566870000.0,3990.834619140625,4310.192258300781,50.488846699573514,67.65961077071839,56.9089631031619,-29.35986328125
2022-08-26,4057.659912109375,4203.0400390625,4057.659912109375,4198.740234375,3832750000.0,3996.188017578125,4307.054307861328,36.40814979768675,61.409318576112064,43.88660795840587,-80.330322265625
2022-08-29,4030.610107421875,4062.989990234375,4017.419921875,4034.580078125,3396510000.0,4003.4648193359376,4303.97380859375,22.80353789324272,53.688162439538196,41.911648697532314,-98.119873046875
2022-08-30,3986.159912109375,4044.97998046875,3965.2099609375,4041.25,3835860000.0,4009.6912158203127,4300.658258056641,8.338900018471577,44.618309955324875,38.82009401540474,-154.610107421875
2022-08-31,3955.0,4015.3701171875,3954.530029296875,4000.669921875,4542490000.0,4013.4954150390627,4297.0190075683595,-5.574514667278891,34.579745030804126,36.77237170258884,-244.1201171875
2022-09-01,3966.85009765625,3970.22998046875,3903.64990234375,3936.72998046875,4152250000.0,4017.634619140625,4293.439259033203,-15.466503970804297,24.570495230482443,38.109427007821274,-90.809814453125
2022-09-02,3924.260009765625,4018.429931640625,3906.2099609375,3994.659912109375,3665850000.0,4020.2052197265625,4289.556059570313,-26.437881473721063,14.368819889641744,35.2261955218401,-106.35009765625
2022-09-06,3908.18994140625,3942.550048828125,3886.75,3930.889892578125,4127340000.0,4020.13421875,4285.653659667969,-36.01434643517314,4.292186624678767,34.17554938228392,-77.969970703125
2022-09-07,3979.8701171875,3987.889892578125,3906.030029296875,3909.429931640625,3890320000.0,4021.7294189453123,4282.030310058593,-37.38877822088125,-4.044006344433236,42.42442960514899,24.8701171875
2022-09-08,4006.179931640625,4010.5,3944.81005859375,3959.93994140625,3966850000.0,4025.4220166015625,4278.57140991211,-35.940740680991894,-10.423353211744969,45.14182310296203,39.329833984375
2022-09-09,4067.360107421875,4076.81005859375,4022.93994140625,4022.93994140625,3901940000.0,4030.3926171875,4275.493510742188,-29.516187381651434,-14.241920045726262,50.94033412938228,143.10009765625
2022-09-12,4110.41015625,4119.27978515625,4083.669921875,4083.669921875,3814200000.0,4036.89322265625,4272.592060546875,-20.712146714891333,-15.535965379559277,54.57851322235779,202.22021484375
2022-09-13,3932.68994140625,4037.1201171875,3921.280029296875,4037.1201171875,4224550000.0,4039.040419921875,4268.748210449219,-27.755469351376632,-17.97986617392275,41.0460062521292,-47.18017578125
2022-09-14,3946.010009765625,3961.93994140625,3912.179931640625,3940.72998046875,4293240000.0,4041.332822265625,4265.50515991211,-31.8948708715061,-20.762867113439423,42.202700074380765,-60.169921875
2022-09-15,3901.35009765625,3959.139892578125,3888.280029296875,3932.409912109375,4441830000.0,4042.45822265625,4261.7355603027345,-38.33713148008792,-24.277719986769124,39.410699986047184,-166.010009765625
2022-09-16,3873.330078125,3880.949951171875,3837.080078125,3880.949951171875,7954650000.0,4041.872421875,4258.26721069336,-45.182811503776065,-28.458738290170512,37.72440762666701,-237.080078125
2022-09-19,3899.889892578125,3900.449951171875,3838.5,3849.909912109375,3766850000.0,4041.8826220703127,4255.201459960937,-47.91260055167277,-32.34951074247097,40.33062996324636,-32.800048828125
2022-09-20,3855.929931640625,3876.010009765625,3827.5400390625,3875.22998046875,4058050000.0,4041.9126220703124,4251.595609130859,-53.01208913348137,-36.48202642067305,37.530999740710264,-90.080078125
2022-09-21,3789.929931640625,3907.070068359375,3789.489990234375,3871.39990234375,4078330000.0,4041.3352197265626,4247.853107910156,-61.668245838505754,-41.5192703042396,33.743699908766104,-111.420166015625
2022-09-22,3757.989990234375,3790.89990234375,3749.449951171875,3782.360107421875,4284600000.0,4040.4594189453123,4243.684708251953,-70.29527851629064,-47.27447194664981,32.05773971391292,-115.340087890625
2022-09-23,3693.22998046875,3727.139892578125,3647.469970703125,3727.139892578125,5144270000.0,4038.5164208984374,4238.7171081542965,-81.4193045725965,-54.103438471839155,28.904365376644577,-206.659912109375
2022-09-26,3655.0400390625,3715.669921875,3644.760009765625,3682.719970703125,4886140000.0,4034.3540234375,4233.486258544922,-92.25334533205114,-61.733419843881556,27.204884482428668,-200.889892578125
2022-09-27,3647.2900390625,3717.530029296875,3623.2900390625,3686.43994140625,4577740000.0,4030.682822265625,4228.385457763672,-100.30846734778288,-69.44842934466182,26.859746974020638,-142.639892578125
2022-09-28,3719.0400390625,3736.739990234375,3640.610107421875,3651.93994140625,4684850000.0,4026.32982421875,4223.420557861328,-99.75269721939276,-75.50928291960801,35.07233342407693,-38.949951171875
2022-09-29,3640.469970703125,3687.010009765625,3610.39990234375,3687.010009765625,4681810000.0,4019.9412255859374,4218.278056640625,-104.44817966918708,-81.29706226952383,30.971220522909647,-52.760009765625
2022-09-30,3585.6201171875,3671.43994140625,3584.1298828125,3633.47998046875,5645360000.0,4011.67462890625,4213.035708007813,-111.31217070466846,-87.30008395655277,28.468540689188274,-69.419921875
2022-10-03,3678.429931640625,3698.35009765625,3604.929931640625,3609.780029296875,4806680000.0,4006.0106298828123,4207.878607177734,-108.01779477091168,-91.44362611942455,37.649536247782244,31.139892578125
2022-10-04,3790.929931640625,3791.919921875,3726.4599609375,3726.4599609375,5146580000.0,4002.4924267578126,4203.4899072265625,-95.23140001060756,-92.20118089766116,46.597030011404115,71.889892578125
2022-10-05,3783.280029296875,3806.909912109375,3722.659912109375,3753.25,4293180000.0,3999.7370263671874,4199.303106689453,-84.73855985818273,-90.70865668976548,46.112447272141125,142.81005859375
2022-10-06,3744.52001953125,3797.929931640625,3739.219970703125,3771.969970703125,4252100000.0,3994.155224609375,4195.185606689453,-78.6439586960405,-88.29571709102049,43.63633333742928,158.89990234375
2022-10-07,3639.659912109375,3706.739990234375,3620.72998046875,3706.739990234375,4449660000.0,3985.49982421875,4190.137756347656,-81.33766768019768,-86.90410720885593,37.73314592225711,-38.77001953125
2022-10-10,3612.389892578125,3652.169921875,3588.10009765625,3647.510009765625,3834320000.0,3975.1418212890626,4184.716905517578,-84.69658462264033,-86.46260269161282,36.35571189242554,-178.5400390625
2022-10-11,3588.840087890625,3640.659912109375,3568.449951171875,3595.860107421875,4759030000.0,3964.546025390625,4179.032155761719,-88.24162836033565,-86.81840782535738,35.16197770648803,-194.43994140625
2022-10-12,3577.030029296875,3608.340087890625,3573.860107421875,3590.830078125,4006830000.0,3954.2628271484373,4172.961356201172,-90.955594614039,-87.64584518309371,34.54931167265495,-167.489990234375
2022-10-13,3669.909912109375,3685.409912109375,3491.580078125,3520.3701171875,5021680000.0,3944.557626953125,4167.379155273437,-84.63616903729326,-87.04390995393362,42.96595583513362,30.25
2022-10-14,3583.070068359375,3712.0,3579.679931640625,3690.409912109375,4243030000.0,3933.1802294921877,4161.329205322266,-85.6479323285921,-86.76471442886532,38.04043379163144,-29.31982421875
2022-10-17,3677.949951171875,3689.72998046875,3638.64990234375,3638.64990234375,4352780000.0,3923.8354296875,4155.825305175781,-77.89581397258826,-84.99093433760991,45.404600735264246,89.10986328125
2022-10-18,3719.97998046875,3762.7900390625,3686.530029296875,3746.260009765625,4483740000.0,3915.433828125,4150.594304199219,-67.58169253639517,-81.50908597736696,48.3340750973581,142.949951171875
2022-10-19,3695.159912109375,3728.580078125,3666.510009765625,3703.110107421875,4223800000.0,3906.8876220703123,4145.087303466797,-60.71061489811518,-77.34939176151661,46.73914240979195,25.25
2022-10-20,3665.780029296875,3736.0,3656.43994140625,3689.050048828125,4496620000.0,3895.99841796875,4139.448503417969,-56.97912745831627,-73.27533890087655,44.85242588678731,82.7099609375
2022-10-21,3752.75,3757.889892578125,3647.419921875,3657.10009765625,5078020000.0,3886.908017578125,4134.709353027344,-46.46848718633464,-67.91396855796818,51.14000264852467,74.800048828125
2022-10-24,3797.340087890625,3810.739990234375,3741.64990234375,3762.010009765625,4747930000.0,3877.2518212890627,4130.215804443359,-34.14705560662651,-61.160585967699845,54.03368129164734,77.360107421875
2022-10-25,3859.110107421875,3862.85009765625,3799.43994140625,3799.43994140625,4843120000.0,3868.491220703125,4126.126206054688,-19.17684918576788,-52.76383861131345,57.76524556925402,163.9501953125
2022-10-26,3830.60009765625,3886.14990234375,3824.070068359375,3825.969970703125,4817310000.0,3858.99921875,4121.927756347656,-9.503818162856987,-44.111834521622164,55.52475973706443,164.820068359375
2022-10-27,3807.300048828125,3859.949951171875,3803.7900390625,3834.68994140625,4687320000.0,3849.6644189453127,4117.398907470703,-3.6756203373174685,-36.024591684761226,53.691902986816544,54.550048828125
2022-10-28,3901.06005859375,3905.419921875,3808.260009765625,3808.260009765625,4459410000.0,3842.0108154296877,4113.2724572753905,8.41194991000475,-27.13728336580803,59.48724544183419,103.719970703125
2022-10-31,3871.97998046875,3893.72998046875,3863.179931640625,3881.85009765625,4820620000.0,3834.8808154296876,4109.337208251953,15.466627490841347,-18.616501194478158,57.10040194487,12.869873046875
2022-11-01,3856.10009765625,3911.7900390625,3843.800048828125,3901.7900390625,4481210000.0,3829.2430126953127,4105.303458251953,19.55076739402284,-10.983047476777958,55.78412546528299,25.5
2022-11-02,3759.68994140625,3894.43994140625,3758.679931640625,3852.89990234375,4899000000.0,3821.8622119140623,4101.216358642578,14.836952661255964,-5.819047449171174,48.47762425590363,-47.610107421875
2022-11-03,3719.889892578125,3750.590087890625,3698.14990234375,3733.25,4625290000.0,3813.444609375,4097.1520092773435,7.79977821868215,-3.09528231560051,45.81011627629829,-181.170166015625
2022-11-04,3770.550048828125,3796.340087890625,3708.840087890625,3766.97998046875,5400180000.0,3804.8732080078125,4093.5911096191408,6.238702123005169,-1.2284854278793742,49.61086294194435,-101.429931640625
2022-11-07,3806.800048828125,3813.949951171875,3764.699951171875,3780.7099609375,4341620000.0,3799.8560107421877,4090.63541015625,7.836278377127201,0.5844673331219409,52.194631130607945,-49.300048828125
2022-11-08,3828.110107421875,3859.39990234375,3786.280029296875,3817.02001953125,4607640000.0,3795.8060107421875,4087.725311279297,10.698586060888374,2.6072910786752277,53.697705452742376,68.420166015625
2022-11-09,3748.570068359375,3818.199951171875,3744.219970703125,3810.93994140625,4645010000.0,3791.0542138671876,4084.6859106445313,6.47413926613217,3.3806607161666165,47.67267626811744,28.68017578125
2022-11-10,3956.3701171875,3958.330078125,3859.889892578125,3859.889892578125,5781260000.0,3791.0816162109377,4082.7181103515627,19.667250210762177,6.6379786150857285,60.22794442402686,185.820068359375
2022-11-11,3992.929931640625,4001.47998046875,3944.820068359375,3963.719970703125,5593310000.0,3791.603212890625,4081.0502111816404,32.69605737206621,11.849594366481824,61.95740483856643,186.1298828125
2022-11-14,3957.25,4008.969970703125,3956.39990234375,3977.969970703125,4561930000.0,3792.2630126953127,4078.6772106933595,39.684945275008886,17.41666454818724,59.249568008451334,129.139892578125
2022-11-15,3991.72998046875,4028.840087890625,3953.169921875,4006.409912109375,5015310000.0,3793.9338134765626,4076.0581115722657,47.458859364280215,23.425103511405837,61.022417442432726,243.159912109375
2022-11-16,3958.7900390625,3983.090087890625,3954.340087890625,3976.820068359375,4165320000.0,3793.5122119140624,4073.1193615722655,50.38100346034116,28.816283501192903,58.40812944612774,2.419921875
2022-11-17,3946.56005859375,3954.330078125,3906.5400390625,3919.260009765625,4051780000.0,3792.319814453125,4069.905262451172,51.1206791282907,33.277162626612466,57.42446137380635,-46.369873046875
2022-11-18,3965.340087890625,3979.889892578125,3935.97998046875,3966.389892578125,4037360000.0,3790.2794140625,4067.344763183594,52.61574725503033,37.14487955229604,58.57807593785496,8.090087890625
2022-11-21,3949.93994140625,3962.0,3933.340087890625,3956.22998046875,3850690000.0,3787.070009765625,4064.591813964844,51.95898555779604,40.10770075339604,57.20915187043049,-41.7900390625
2022-11-22,4003.580078125,4005.8798828125,3956.8798828125,3965.510009765625,3887990000.0,3788.4878125,4062.1903637695314,55.13128874627,43.11241835197083,60.657827162603546,44.7900390625
2022-11-23,4027.260009765625,4033.780029296875,3998.659912109375,4000.300048828125,3279720000.0,3790.1128125,4059.718963623047,58.8774320732864,46.26542109623394,62.109623135509025,80.699951171875
2022-11-25,4026.1201171875,4034.02001953125,4020.760009765625,4023.340087890625,1706460000.0,3792.608212890625,4056.913663330078,61.05054516288419,49.222445909563994,61.99103416578147,60.780029296875
2022-11-28,3963.93994140625,4012.27001953125,3955.77001953125,4005.360107421875,3615430000.0,3794.42041015625,4054.2129626464844,57.09715199226548,50.7973871261043,55.73905266509447,14.0
2022-11-29,3957.6298828125,3976.77001953125,3937.64990234375,3964.18994140625,3546040000.0,3795.5752099609376,4051.907911376953,52.84571788823678,51.20705327853079,55.13140201033506,-45.9501953125
2022-11-30,4080.110107421875,4080.110107421875,3938.580078125,3957.179931640625,6579360000.0,3800.0588134765626,4050.3001123046874,58.68309406744356,52.70226143631335,63.45856788440887,52.85009765625
2022-12-01,4076.570068359375,4100.509765625,4050.8701171875,4087.139892578125,4527130000.0,3805.7916162109377,4048.3276135253905,62.305387455654454,54.62288664018158,63.09409085063687,50.449951171875
2022-12-02,4071.699951171875,4080.47998046875,4026.6298828125,4040.169921875,4012620000.0,3812.0658154296875,4046.311064453125,64.04483432370398,56.50727617688606,62.5617317249857,107.760009765625
2022-12-05,3998.840087890625,4052.449951171875,3984.489990234375,4052.02001953125,4280820000.0,3818.178017578125,4044.403966064453,58.865610333800305,56.978943008268914,55.07481980141539,41.210205078125
2022-12-06,3941.260009765625,4001.510009765625,3918.389892578125,3996.6298828125,4368380000.0,3823.9024169921877,4042.3659155273435,49.54369800884706,55.49189400838455,49.98393801026239,-138.85009765625
2022-12-07,3933.919921875,3957.570068359375,3922.679931640625,3933.280029296875,4118050000.0,3829.6350146484374,4040.511716308594,41.090070822707276,52.6115293712491,49.35760158337687,-142.650146484375
2022-12-08,3963.510009765625,3974.18994140625,3935.830078125,3947.7900390625,4006900000.0,3834.5244140625,4039.201766357422,36.35905857614944,49.36103521222917,51.97045674054855,-108.18994140625
2022-12-09,3934.3798828125,3977.02001953125,3933.0400390625,3954.169921875,3888260000.0,3840.4026123046874,4037.430164794922,29.914305992686423,45.471689368320625,49.27514038935734,-64.460205078125
2022-12-12,3990.56005859375,3990.7099609375,3935.300048828125,3939.2900390625,3904130000.0,3848.5014111328123,4035.4597155761717,29.005704105084988,42.1784923156735,54.2076869444102,49.300048828125
2022-12-13,4019.64990234375,4100.9599609375,3993.030029296875,4069.3798828125,5079360000.0,3855.325810546875,4033.6882653808593,30.283844530980332,39.79956275873487,56.563023153500644,85.72998046875
2022-12-14,3995.320068359375,4053.760009765625,3965.64990234375,4015.5400390625,4472340000.0,3859.41361328125,4032.133566894531,28.999280107717823,37.63950622853147,54.05860081426036,31.81005859375
2022-12-15,3895.75,3958.3701171875,3879.449951171875,3958.3701171875,4493900000.0,3861.6630126953123,4029.679616699219,19.719467427117706,34.055498468248715,45.231972725538434,-38.6298828125
2022-12-16,3852.360107421875,3890.909912109375,3827.909912109375,3890.909912109375,7493660000.0,3863.819814453125,4027.1239660644533,8.762933669108861,28.996985508420746,42.01271856911554,-138.199951171875
2022-12-19,3817.659912109375,3854.860107421875,3800.0400390625,3853.7900390625,3969610000.0,3867.379814453125,4024.5679150390624,-2.6892144416565316,22.65974551840529,39.586210745445776,-201.989990234375
2022-12-20,3821.6201171875,3838.239990234375,3795.6201171875,3810.469970703125,3985370000.0,3871.5644189453124,4022.67056640625,-11.315135041390022,15.864769406446229,40.012039950934934,-173.699951171875
2022-12-21,3878.43994140625,3889.820068359375,3839.489990234375,3839.489990234375,3775200000.0,3877.356416015625,4021.209265136719,-13.411751983373051,10.009465128482374,45.903652819824885,-17.31005859375
2022-12-22,3822.389892578125,3853.260009765625,3764.489990234375,3853.260009765625,3956950000.0,3882.26361328125,4018.931815185547,-19.3727890725454,4.133014288276819,41.566774593847235,-29.97021484375
2022-12-23,3844.820068359375,3845.800048828125,3797.010009765625,3815.110107421875,2819280000.0,3885.76181640625,4016.8583154296875,-22.033042979545826,-1.1001971652877098,43.85289305212545,27.16015625
2022-12-27,3829.25,3846.64990234375,3813.219970703125,3843.340087890625,3030300000.0,3890.6854150390627,4014.9830151367187,-25.108255419914713,-5.90180881621311,42.60677256858677,7.6298828125
2022-12-28,3783.219970703125,3848.320068359375,3780.780029296875,3829.56005859375,3083520000.0,3892.7908154296874,4013.033565673828,-30.903387100069267,-10.902124472984342,39.07198980013498,-95.219970703125
2022-12-29,3849.280029296875,3858.18994140625,3805.449951171875,3805.449951171875,3003680000.0,3895.37681640625,4010.96771484375,-29.821808818066984,-14.68606134200087,45.99649047523131,26.89013671875
2022-12-30,3839.5,3839.85009765625,3800.340087890625,3829.06005859375,2979870000.0,3898.2636181640623,4008.3759155273438,-29.41474203028838,-17.631797479658374,45.17786907365588,-5.320068359375
2023-01-03,3824.139892578125,3878.4599609375,3794.330078125,3853.2900390625,3959140000.0,3901.4308154296873,4005.4382653808593,-29.985912038984225,-20.102620391523544,43.8576602312682,-5.110107421875
2023-01-04,3852.969970703125,3873.159912109375,3815.77001953125,3840.360107421875,4414080000.0,3903.43521484375,4002.3875146484374,-27.791854821706238,-21.640467277560084,46.98892475257724,69.75
2023-01-05,3808.10009765625,3839.739990234375,3802.419921875,3839.739990234375,3893450000.0,3903.6504150390624,3999.1221142578124,-29.335510922202502,-23.17947600648857,42.97187460019705,-41.179931640625
2023-01-06,3895.080078125,3906.18994140625,3809.56005859375,3823.3701171875,3923560000.0,3904.369814453125,3996.0394653320313,-23.272046337651318,-23.197990072721122,51.608262000513164,55.580078125
2023-01-09,3892.090087890625,3950.570068359375,3890.419921875,3910.820068359375,4311770000.0,3905.5996142578124,3993.2187145996095,-18.494777905914816,-22.257347639359864,51.32054242815783,67.9501953125
2023-01-10,3919.25,3919.830078125,3877.2900390625,3888.570068359375,3851030000.0,3907.83861328125,3990.2141638183593,-12.374534403311372,-20.280784992150167,53.83808740908879,66.280029296875
2023-01-11,3969.610107421875,3970.070068359375,3928.5400390625,3932.35009765625,4303360000.0,3909.2096142578125,3987.3469140625,-3.4211209883778793,-16.90885219139571,58.15900950719412,161.510009765625
2023-01-12,3983.169921875,3997.760009765625,3937.56005859375,3977.570068359375,4440260000.0,3911.4334130859374,3984.385163574219,4.714343335689591,-12.58421308597865,59.264654809695585,88.08984375
2023-01-13,3999.090087890625,4003.949951171875,3947.669921875,3960.60009765625,3939700000.0,3914.293212890625,3981.2226135253904,12.304542663932807,-7.606461935996359,60.58166951235159,107.0
2023-01-17,3990.969970703125,4015.389892578125,3984.570068359375,3999.280029296875,4235560000.0,3918.9188134765627,3978.165212402344,17.463298684904657,-2.592509811816156,59.5245723779673,71.719970703125
2023-01-18,3928.860107421875,4014.159912109375,3926.590087890625,4002.25,4298710000.0,3923.0982177734377,3975.157462158203,16.351414181066048,1.1962749867602849,52.04411360866265,-40.75
2023-01-19,3898.85009765625,3922.93994140625,3885.5400390625,3911.840087890625,3991500000.0,3925.66421875,3971.922413330078,12.8999778029538,3.537015549998988,48.849748672913464,-84.31982421875
2023-01-20,3972.610107421875,3972.9599609375,3897.860107421875,3909.0400390625,4013360000.0,3928.980419921875,3968.8722631835935,15.932842071457799,6.0161808542907504,55.99835439697083,-26.47998046875
2023-01-23,4019.81005859375,4039.31005859375,3971.639892578125,3978.139892578125,3945210000.0,3932.8144189453124,3966.345712890625,21.892685200703454,9.191481723573292,59.863926050263174,28.840087890625
2023-01-24,4016.949951171875,4023.919921875,3989.7900390625,4001.739990234375,3320430000.0,3938.1820166015623,3964.0247131347655,26.08443195833115,12.570071770524864,59.522691614666385,88.08984375
2023-01-25,4016.219970703125,4019.550048828125,3949.06005859375,3982.7099609375,3724020000.0,3939.379013671875,3961.6047631835936,29.01307348935461,15.858672114290814,59.42957999100305,117.369873046875
2023-01-26,4060.429931640625,4061.570068359375,4013.2900390625,4036.080078125,3809590000.0,3940.729013671875,3959.4655139160154,34.50368042190166,19.587673775812984,63.18563716574969,87.81982421875
2023-01-27,4070.56005859375,4094.2099609375,4048.699951171875,4053.719970703125,3907760000.0,3942.99521484375,3957.755665283203,39.22033495025016,23.51420601070042,64.0078975126741,50.75
2023-01-30,4017.77001953125,4063.85009765625,4015.550048828125,4049.27001953125,3802000000.0,3943.516015625,3955.857264404297,38.25759296091928,26.462883400744193,56.87836662930872,0.820068359375
2023-01-31,4076.60009765625,4077.159912109375,4020.43994140625,4020.85009765625,4679320000.0,3945.872216796875,3954.007315673828,41.76032164636217,29.52237104986779,61.96306331332057,60.380126953125
2023-02-01,4119.2099609375,4148.9501953125,4037.199951171875,4070.070068359375,4856930000.0,3949.32521484375,3952.6404162597655,47.42780105885868,33.10345705166597,65.16681220162229,58.780029296875
2023-02-02,4179.759765625,4195.43994140625,4141.8798828125,4158.68017578125,5624360000.0,3953.6136083984375,3951.5807653808592,56.157830020257734,37.71433164538433,69.1440304335357,109.19970703125
2023-02-03,4136.47998046875,4182.35986328125,4123.35986328125,4136.68994140625,4694510000.0,3957.3444091796873,3949.9521154785157,58.90510255566733,41.95248582744093,63.557879889411204,118.7099609375
2023-02-06,4111.080078125,4124.6298828125,4093.3798828125,4119.56982421875,4114240000.0,3959.4944091796874,3948.210264892578,58.36003780179226,45.2339962223112,60.470208696679855,34.47998046875
2023-02-07,4164.0,4176.5400390625,4088.389892578125,4105.35009765625,4355860000.0,3962.229208984375,3947.061964111328,61.4894533401889,48.48508764588674,64.35551948670711,44.7900390625
2023-02-08,4117.85986328125,4156.85009765625,4111.669921875,4153.47021484375,4029820000.0,3964.06400390625,3946.292364501953,59.55984545293313,50.70003920729602,58.918082773698885,-61.89990234375
2023-02-09,4081.5,4156.22998046875,4069.669921875,4144.25,4270200000.0,3966.415205078125,3945.2192639160157,54.4687978099646,51.45379092782974,54.976136686076075,-54.97998046875
2023-02-10,4090.4599609375,4094.360107421875,4060.7900390625,4068.919921875,3891520000.0,3969.071806640625,3944.7955627441406,50.57411294726853,51.277855331717504,55.76160735179816,-20.6201171875
2023-02-13,4137.2900390625,4138.89990234375,4092.669921875,4096.6201171875,3448620000.0,3970.2154052734377,3944.5622131347654,50.682111233506475,51.1587065120753,59.71718965018103,-26.7099609375
2023-02-14,4136.1298828125,4159.77001953125,4095.010009765625,4126.7001953125,3929200000.0,3971.4066015625,3943.8053625488283,50.09660328131713,50.94628586592367,59.575070716212686,18.27001953125
2023-02-15,4147.60009765625,4148.10986328125,4103.97998046875,4119.5,4075980000.0,3972.9246044921874,3943.8837121582033,49.98197341136711,50.75342337501236,60.57409040922155,66.10009765625
2023-02-16,4090.409912109375,4136.5400390625,4089.489990234375,4114.75,4143660000.0,3974.7560009765625,3943.5588623046874,44.760388501982106,49.55481640040631,53.47777735424789,-0.050048828125
2023-02-17,4079.090087890625,4081.510009765625,4047.949951171875,4077.389892578125,4045480000.0,3977.5126025390623,3943.076912841797,39.25630735607365,47.49511459153978,52.17488005114836,-58.199951171875
2023-02-21,3997.340087890625,4052.35009765625,3995.18994140625,4052.35009765625,4121590000.0,3978.781005859375,3941.562763671875,27.975260220606287,43.591143717353084,43.86350420573556,-138.789794921875
2023-02-22,3991.050048828125,4017.3701171875,3976.89990234375,4001.830078125,4079320000.0,3979.331806640625,3940.783663330078,18.31625709557511,38.536166392997494,43.292065005114125,-156.550048828125
2023-02-23,4012.320068359375,4028.300048828125,3969.18994140625,4018.60009765625,3952940000.0,3980.8906103515624,3940.228564453125,12.236683474803158,33.27626980935863,45.860565475482495,-78.08984375
2023-02-24,3970.0400390625,3978.25,3943.080078125,3973.239990234375,3877700000.0,3980.4802099609374,3940.1225646972657,3.96126951490578,27.41326975046806,41.807002524584746,-109.050048828125
2023-02-27,3982.239990234375,4018.050048828125,3973.550048828125,3992.360107421875,3836950000.0,3979.73201171875,3940.028514404297,-1.5942441153474647,21.611766977304956,43.36263866576979,-15.10009765625
2023-02-28,3970.14990234375,3997.5,3968.97998046875,3977.18994140625,5043400000.0,3979.2286083984377,3940.2033642578126,-6.89313794097643,15.91078599364868,42.15984171729553,-20.900146484375
2023-03-01,3951.389892578125,3971.72998046875,3939.050048828125,3963.340087890625,4249480000.0,3980.34140625,3940.309913330078,-12.46266364958501,10.236096065001943,40.292231579612995,-60.93017578125
2023-03-02,3981.35009765625,3990.840087890625,3928.159912109375,3938.679931640625,4244900000.0,3982.9212060546874,3940.0972143554686,-14.294239641269996,5.330028923747555,44.51917618874425,11.31005859375
2023-03-03,4045.639892578125,4048.2900390625,3995.169921875,3998.02001953125,4084730000.0,3987.4808056640627,3940.285363769531,-10.437807109463392,2.176461717105366,52.31958996436881,63.39990234375
2023-03-06,4048.419921875,4078.489990234375,4044.610107421875,4055.14990234375,4000870000.0,3992.0168017578126,3940.083212890625,-7.075667522576623,0.32603586916896826,52.62974048707613,78.27001953125
2023-03-07,3986.3701171875,4050.0,3980.31005859375,4048.260009765625,3922500000.0,3994.1754052734377,3940.3966638183592,-9.310720157237483,-1.6013153361123222,45.51352996873396,34.980224609375
2023-03-08,3992.010009765625,4000.409912109375,3969.760009765625,3987.550048828125,3535570000.0,3997.5678076171876,3940.852763671875,-10.505818737622576,-3.382216016414373,46.22525301736925,10.659912109375
2023-03-09,3918.320068359375,4017.81005859375,3908.699951171875,3998.659912109375,4445260000.0,3999.0378076171874,3940.9375634765624,-17.200824988421573,-6.145937810815814,39.04820997301692,-127.31982421875
2023-03-10,3861.590087890625,3934.050048828125,3846.320068359375,3912.77001953125,5518190000.0,3999.684609375,3940.3767639160155,-26.7756479859745,-10.271879845847552,34.595040679220816,-186.829833984375
2023-03-13,3855.760009765625,3905.050048828125,3808.860107421875,3835.1201171875,6558020000.0,4001.13541015625,3939.9481640625,-34.43723180330517,-15.104950237339077,34.16383829070159,-130.610107421875
2023-03-14,3919.2900390625,3937.2900390625,3873.6298828125,3894.010009765625,5665870000.0,4002.5356103515624,3939.6509643554687,-34.979527536183014,-19.079865697107866,42.564898020032295,-72.719970703125
2023-03-15,3891.929931640625,3894.260009765625,3838.239990234375,3876.739990234375,6594010000.0,4003.584208984375,3938.8214135742187,-37.18834868777685,-22.701562295241665,40.186558714691714,-26.39013671875
2023-03-16,3960.280029296875,3964.4599609375,3864.110107421875,3878.929931640625,5695790000.0,4006.30701171875,3937.831612548828,-33.04267828197044,-24.76978549258742,48.00296022655704,98.68994140625
2023-03-17,3916.639892578125,3958.909912109375,3901.27001953125,3958.68994140625,9354280000.0,4007.58041015625,3936.7540625,-32.89935564208599,-26.39569952248714,44.04529345285917,60.8798828125
2023-03-20,3951.570068359375,3956.6201171875,3916.889892578125,3917.469970703125,5347140000.0,4010.4498095703125,3936.0057629394532,-29.625691623818966,-27.041697942753505,47.75799782515273,32.280029296875
2023-03-21,4002.8701171875,4009.080078125,3971.18994140625,3975.889892578125,4920240000.0,4012.6056103515625,3935.136014404297,-22.630928835482337,-26.159544121299273,52.719751377944895,110.940185546875
2023-03-22,3936.969970703125,4039.489990234375,3936.169921875,4002.0400390625,4533010000.0,4013.5032080078126,3934.2781640625,-22.149790999094876,-25.357593496858396,46.597249291877574,-23.31005859375
2023-03-23,3948.719970703125,4007.659912109375,3919.050048828125,3959.2099609375,4991600000.0,4014.092607421875,3933.4146130371096,-20.583089947804183,-24.402692787047556,47.762118889330225,32.080078125
2023-03-24,3970.989990234375,3972.739990234375,3909.159912109375,3939.2099609375,4583970000.0,4014.120205078125,3932.466162109375,-17.344526711989147,-22.991059572035876,49.98875262411527,19.419921875
2023-03-27,3977.530029296875,4003.830078125,3970.489990234375,3982.929931640625,4233540000.0,4014.0074072265625,3931.774962158203,-14.087819901598778,-21.210411637948457,50.65396439732343,-25.340087890625
2023-03-28,3971.27001953125,3979.199951171875,3951.530029296875,3974.1298828125,4014600000.0,4013.451005859375,3931.5422119140626,-11.875098024031104,-19.343348915164988,49.96883777791281,34.300048828125
2023-03-29,4027.81005859375,4030.590087890625,3999.530029296875,3999.530029296875,4145250000.0,4014.1878076171874,3932.176961669922,-5.49583875856888,-16.573846883845768,55.78566630505958,79.090087890625
2023-03-30,4050.830078125,4057.85009765625,4032.10009765625,4046.739990234375,3930860000.0,4016.62720703125,3933.682962646484,1.4011418679597227,-12.97884913348467,57.930282270452985,79.840087890625
2023-03-31,4109.31005859375,4110.75,4056.179931640625,4056.179931640625,4525120000.0,4020.83640625,3935.5521130371094,11.453861406274427,-8.092307025532852,62.8589229610776,131.780029296875
2023-04-03,4124.509765625,4127.66015625,4098.7900390625,4102.2001953125,4234700000.0,4023.8743994140623,3937.2247119140625,20.411907629312736,-2.391464094563735,64.03818901026168,153.23974609375
2023-04-04,4100.60009765625,4133.1298828125,4086.8701171875,4128.02978515625,4227800000.0,4025.4902001953124,3939.3938623046874,25.290381639834777,3.1449050523159676,60.7695544652255,72.7900390625
2023-04-05,4090.3798828125,4099.68994140625,4072.56005859375,4094.5,3968020000.0,4026.958798828125,3941.471561279297,28.00905061621461,8.117734165095696,59.374477118962815,39.5498046875
2023-04-06,4105.02001953125,4107.31982421875,4069.840087890625,4081.14990234375,3486690000.0,4028.7347998046876,3943.172711181641,30.987744616683358,12.691736255413229,60.7640032353767,-4.2900390625
2023-04-10,4109.10986328125,4109.5,4072.550048828125,4085.199951171875,3423650000.0,4029.7083984375,3944.918811035156,33.294597883526876,16.81230858103596,61.1636282505351,-15.39990234375
2023-04-11,4108.93994140625,4124.259765625,4102.60986328125,4110.2900390625,3665830000.0,4030.47599609375,3946.484860839844,34.708980915856955,20.39164304800016,61.13576763987284,8.33984375
2023-04-12,4091.949951171875,4134.3701171875,4086.93994140625,4121.72021484375,3633120000.0,4031.9595947265625,3947.385910644531,34.06624497188204,23.126563432776535,58.277350007491854,1.570068359375
2023-04-13,4146.22021484375,4150.259765625,4099.39990234375,4100.0400390625,3596590000.0,4033.3519970703123,3948.6164611816407,37.503709411574164,26.001992628536062,64.05810736192248,41.2001953125
2023-04-14,4137.64013671875,4163.18994140625,4113.2001953125,4140.10986328125,3575690000.0,4033.7206005859375,3950.196911621094,39.085036180146744,28.6186013388582,62.58180625906265,28.5302734375
2023-04-17,4151.31982421875,4151.72021484375,4123.18017578125,4137.169921875,3611180000.0,4033.1518017578123,3951.8593603515624,40.969811013870185,31.088843273860597,64.00609936145449,42.3798828125
2023-04-18,4154.8701171875,4169.47998046875,4140.35986328125,4164.259765625,3536640000.0,4033.5196044921877,3953.7068115234374,42.26280827410801,33.32363627391008,64.38499729010081,62.920166015625
2023-04-19,4154.52001953125,4162.56982421875,4134.490234375,4139.330078125,3572560000.0,4034.3884033203126,3955.352761230469,42.7662848527234,35.21216598967275,64.31310166208837,8.2998046875
2023-04-20,4129.7900390625,4148.56982421875,4114.56982421875,4130.47998046875,3772080000.0,4033.7042041015625,3956.8447619628905,40.70061951535399,36.309856694809,59.277761270365374,-7.85009765625
2023-04-21,4133.52001953125,4138.02001953125,4113.85986328125,4132.14013671875,3611750000.0,4034.0174072265627,3958.2869616699218,38.91594432243937,36.831074220335076,59.78913714768457,-17.7998046875
2023-04-24,4137.0400390625,4142.41015625,4117.77001953125,4132.06982421875,3290940000.0,4035.1282080078126,3959.4590612792967,37.355007261282026,36.93586082852447,60.29585665161613,-17.830078125
2023-04-25,4071.6298828125,4126.43017578125,4071.3798828125,4126.43017578125,3978640000.0,4034.7516064453125,3960.3203112792967,30.488448583608715,35.64637837954132,48.152743024229714,-82.89013671875
2023-04-26,4055.989990234375,4089.669921875,4049.35009765625,4087.780029296875,3837030000.0,4033.12560546875,3961.3281115722657,23.513592677961697,33.219821239225396,45.7787482152215,-73.800048828125
2023-04-27,4135.35009765625,4138.240234375,4075.2900390625,4075.2900390625,3750550000.0,4033.110009765625,3962.9108618164064,24.111721632512854,31.39820131788289,57.28621969068254,1.830078125
2023-04-28,4169.47998046875,4170.06005859375,4127.18017578125,4129.6298828125,4087800000.0,4033.547607421875,3964.7493615722656,27.02817546362894,30.5241961470321,61.10897892610389,32.43994140625
2023-05-01,4167.8701171875,4186.919921875,4164.1201171875,4166.7900390625,3321370000.0,4035.0968115234373,3966.6368127441406,28.876710876243123,30.194699092874306,60.8324230211892,96.240234375
2023-05-02,4119.580078125,4164.10009765625,4089.719970703125,4164.10009765625,4486130000.0,4035.906611328125,3967.9189135742185,26.143717432407357,29.38450276078092,53.073384081573344,63.590087890625
2023-05-03,4090.75,4148.2998046875,4088.860107421875,4122.25,4246510000.0,4037.7748095703123,3969.2184130859373,21.404713858947616,27.788544980414258,49.05091362408122,-44.60009765625
2023-05-04,4061.219970703125,4082.610107421875,4048.280029296875,4082.550048828125,4920090000.0,4039.1782080078124,3969.8410632324217,15.092219105529693,25.249279805437347,45.266522967843315,-108.260009765625
2023-05-05,4136.25,4147.02001953125,4084.72998046875,4084.72998046875,4186270000.0,4041.656806640625,3970.722813720703,15.959842714362821,23.391392387222442,54.80710635006,-31.6201171875
2023-05-08,4138.1201171875,4142.2998046875,4123.81005859375,4136.97998046875,3641640000.0,4045.018408203125,3971.418664550781,16.606909389068278,22.03449578759161,55.017572939686204,18.5400390625
2023-05-09,4119.169921875,4130.35009765625,4116.64990234375,4124.25,3810140000.0,4047.7570068359373,3972.2063647460936,15.412921438179183,20.710180917709124,52.35675423499021,28.419921875
2023-05-10,4137.64013671875,4154.27978515625,4098.919921875,4143.740234375,4057160000.0,4051.1068115234375,3973.0603649902346,15.775222416463293,19.72318921745996,54.658476431033904,76.420166015625
2023-05-11,4130.6201171875,4132.7998046875,4109.2900390625,4132.240234375,3752900000.0,4054.691416015625,3974.1082153320312,15.319300286797443,18.84241143132746,53.598598004362024,-5.6298828125
2023-05-12,4124.080078125,4143.740234375,4099.1201171875,4138.5400390625,3533740000.0,4057.546015625,3974.610565185547,14.265804900600415,17.92709012518205,52.57575090027352,-14.0400390625
2023-05-15,4136.27978515625,4141.25,4110.27001953125,4126.64990234375,3562170000.0,4059.3588134765623,3974.929814453125,14.251039504783876,17.191880001102415,54.3266996184794,17.10986328125
2023-05-16,4109.89990234375,4135.5400390625,4109.85986328125,4127.9501953125,3654200000.0,4060.5884130859376,3974.827863769531,11.97268805002932,16.148041610887798,50.025655513336744,-27.740234375
2023-05-17,4158.77001953125,4164.669921875,4113.6201171875,4122.85009765625,4039080000.0,4064.0364111328126,3975.028564453125,13.94968485627578,15.708370259965395,56.842346395433445,28.14990234375
2023-05-18,4198.0498046875,4202.2001953125,4153.5,4157.68017578125,3980500000.0,4068.15720703125,3975.5628637695313,18.47307336530048,16.26131088103241,61.39983941558639,73.9697265625
2023-05-19,4191.97998046875,4212.91015625,4180.2001953125,4204.14990234375,4041900000.0,4073.6304052734376,3975.7469140625,21.322316865002904,17.27351207782651,60.33945996964271,55.7001953125
2023-05-22,4192.6298828125,4209.22021484375,4179.68017578125,4190.77978515625,3728520000.0,4080.251201171875,3975.950363769531,23.363484843872357,18.49150663103568,60.418281592429196,82.72998046875
2023-05-23,4145.580078125,4185.68017578125,4142.5400390625,4176.7998046875,4155320000.0,4086.0476025390626,3975.952314453125,20.943179212998984,18.98184114742834,52.31263345679977,-13.18994140625
2023-05-24,4115.240234375,4132.9599609375,4103.97998046875,4132.9599609375,0.0,4089.9666064453127,3975.828215332031,16.387987217722184,18.46307036148711,47.8542249066832,-82.8095703125
2023-05-25,4151.27978515625,4165.740234375,4129.72998046875,4155.7099609375,4147760000.0,4095.153603515625,3975.972263183594,15.507296831120584,17.871915655413805,52.9805009611016,-40.7001953125
2023-05-26,4205.4501953125,4212.8701171875,4156.16015625,4156.16015625,3715460000.0,4100.0570068359375,3975.948312988281,18.961862189340536,18.089904962199153,59.435503153569854,12.8203125
2023-05-30,4205.52001953125,4231.10009765625,4192.18017578125,4226.7099609375,4228510000.0,4105.834609375,3975.939562988281,21.457910915489265,18.763506152857175,59.44323192189536,59.93994140625
2023-05-31,4179.830078125,4195.43994140625,4166.14990234375,4190.740234375,5980670000.0,4110.399809570313,3975.4379638671876,21.119629994274874,19.234730921140716,55.27068842212848,64.58984375
2023-06-01,4221.02001953125,4232.43017578125,4171.64013671875,4183.02978515625,4391860000.0,4114.762807617188,3975.05736328125,23.89972283206407,20.167729303325387,60.105943611787076,69.740234375
2023-06-02,4282.3701171875,4290.669921875,4241.009765625,4241.009765625,4454200000.0,4121.670810546875,3974.943212890625,30.699521616789752,22.274087766018262,66.00116349481337,76.919921875
2023-06-05,4273.7900390625,4299.27978515625,4266.81982421875,4282.990234375,3813290000.0,4128.172211914062,3974.941962890625,34.99269652229577,24.817809517273766,64.56420479721552,68.27001953125
2023-06-06,4283.85009765625,4288.330078125,4263.08984375,4271.33984375,3996560000.0,4134.4294140625,3974.942512207031,38.760029723292064,27.606253558477427,65.51229771981802,104.02001953125
2023-06-07,4267.52001953125,4299.18994140625,4263.9599609375,4285.47021484375,4537800000.0,4140.229213867187,3975.137712402344,39.96725001924915,30.078452850631773,62.585099674595774,46.5
2023-06-08,4293.93017578125,4298.009765625,4261.06982421875,4268.68994140625,3826740000.0,4146.682416992187,3975.917412109375,42.56440374093381,32.575643028692184,65.28653532848145,11.56005859375
2023-06-09,4298.85986328125,4322.6201171875,4291.7001953125,4304.8798828125,3786510000.0,4152.103413085937,3976.7680615234376,44.50739778224306,34.96199397940236,65.78315407565609,25.06982421875
2023-06-12,4338.93017578125,4340.1298828125,4304.3701171875,4308.31982421875,3945670000.0,4157.865415039062,3977.7588623046877,48.7189719139551,37.71338956631291,69.59128009052992,55.080078125
2023-06-13,4369.009765625,4375.3701171875,4349.31005859375,4352.60986328125,4275400000.0,4163.0594091796875,3978.608310546875,53.86294773785812,40.94330120062196,72.10136363777994,101.48974609375
2023-06-14,4372.58984375,4391.81982421875,4337.85009765625,4366.2900390625,4252110000.0,4168.021010742187,3980.182960205078,57.56489573820636,44.26762010813884,72.3934474506872,78.65966796875
2023-06-15,4425.83984375,4439.2001953125,4362.60009765625,4365.330078125,4176690000.0,4174.525805664062,3982.159108886719,64.057135388186,48.22552316414828,76.35820593783797,126.97998046875
2023-06-16,4409.58984375,4448.47021484375,4407.43994140625,4440.9501953125,6848600000.0,4180.910004882812,3984.276258544922,67.11735579328979,52.00388968997658,72.91668879588528,70.65966796875
2023-06-20,4388.7099609375,4400.14990234375,4367.18994140625,4396.10986328125,4055790000.0,4186.583803710938,3986.4448083496095,67.08446254394676,55.02000426077062,68.63607509913331,19.7001953125
2023-06-21,4365.68994140625,4386.22021484375,4360.14013671875,4380.009765625,3709330000.0,4191.715405273438,3988.4390075683596,64.45784134559926,56.90757167773635,64.1637713254546,-6.89990234375
2023-06-22,4381.89013671875,4382.25,4351.81982421875,4355.39990234375,3511000000.0,4197.174409179687,3990.727158203125,62.95770822258419,58.11759898670592,65.85019365695328,-43.94970703125
2023-06-23,4348.330078125,4366.5498046875,4341.33984375,4354.169921875,6053620000.0,4202.30201171875,3992.9278588867187,58.38776781704473,58.17163275277369,59.593693078510206,-61.259765625
2023-06-26,4328.81982421875,4362.06005859375,4328.080078125,4344.83984375,3415030000.0,4205.95400390625,3994.672607421875,52.58556897896324,57.0544199980116,56.24785228905894,-59.89013671875
2023-06-27,4378.41015625,4384.419921875,4335.0,4337.35986328125,3573500000.0,4210.769404296875,3996.533758544922,51.39634487778585,55.92280497396646,62.07608534569267,12.72021484375
2023-06-28,4376.85986328125,4390.35009765625,4360.22021484375,4367.47998046875,3739330000.0,4215.280205078125,3998.0812573242188,49.75523316707404,54.689290612587975,61.798932111270176,-5.0302734375
2023-06-29,4396.43994140625,4398.39013671875,4371.97021484375,4374.93994140625,3696660000.0,4220.1116015625,3999.51140625,49.46439423370066,53.64431133681052,63.98595275678301,48.10986328125
2023-06-30,4450.3798828125,4458.47998046875,4422.43994140625,4422.43994140625,3923450000.0,4226.028798828125,4002.099855957031,52.97573348088736,53.51059576562589,69.21473966776611,121.56005859375
2023-07-03,4455.58984375,4456.4599609375,4442.2900390625,4450.47998046875,2034280000.0,4232.544794921875,4004.647755126953,55.53868010568203,53.916212633637116,69.67274527065658,77.1796875
2023-07-05,4446.81982421875,4454.06005859375,4436.60986328125,4442.0400390625,3482620000.0,4238.810791015625,4007.375103759766,56.21416459149623,54.37580302520894,67.84302810071486,69.9599609375
2023-07-06,4411.58984375,4422.6201171875,4385.0498046875,4422.6201171875,3682020000.0,4244.301787109375,4010.0664025878905,53.29240425562057,54.159123271291264,60.92169797127352,15.14990234375
2023-07-07,4398.9501953125,4440.39013671875,4397.39990234375,4404.5400390625,3630480000.0,4250.848193359375,4012.5617041015626,49.38766389767716,53.204831396568444,58.61137075297246,-51.4296875
2023-07-10,4409.52978515625,4412.60009765625,4389.919921875,4394.22998046875,3429600000.0,4257.918989257812,4015.3297033691406,46.60952789083876,51.88577069542251,59.97942506019416,-46.06005859375
2023-07-11,4439.259765625,4443.64013671875,4408.4599609375,4415.5498046875,3624220000.0,4263.997182617188,4018.5763525390626,46.27338526884796,50.7632936101076,63.61867042613415,-7.56005859375
2023-07-12,4472.16015625,4488.33984375,4463.22998046875,4467.68994140625,3920290000.0,4270.050786132812,4022.1472033691407,48.107226224337865,50.232080132953655,67.17590044898523,60.5703125
2023-07-13,4510.0400390625,4517.3798828125,4489.35986328125,4491.5,3839530000.0,4276.894184570312,4026.2312536621093,52.01752273890361,50.58916865414365,70.72503178329733,111.08984375
2023-07-14,4505.419921875,4527.759765625,4499.56005859375,4514.60986328125,3647450000.0,4284.610981445312,4030.4831530761717,54.11979672551297,51.295294268417514,69.73464037495015,95.89013671875
2023-07-17,4522.7900390625,4532.85009765625,4504.89990234375,4508.85986328125,3538240000.0,4293.251782226563,4034.8606530761717,56.53577803795088,52.34339102232419,71.35855458791546,83.5302734375
2023-07-18,4554.97998046875,4562.2998046875,4514.58984375,4521.77978515625,4090010000.0,4303.126982421875,4039.040352783203,60.35221709249072,53.9451562363575,74.1289019532073,82.81982421875
2023-07-19,4565.72021484375,4578.43017578125,4557.47998046875,4563.8701171875,4115670000.0,4311.71638671875,4043.6666040039063,63.51130095040753,55.858385179167506,74.99785211965917,55.68017578125
2023-07-20,4534.8701171875,4564.740234375,4527.56005859375,4554.3798828125,3761770000.0,4319.65138671875,4048.4128540039064,62.80161469043651,57.24703108142131,67.93910977314187,29.4501953125
2023-07-21,4536.33984375,4555.0,4535.7900390625,4550.16015625,3570190000.0,4327.99478515625,4052.702403564453,61.64714791977076,58.127054449091204,68.09318281792952,13.5498046875
2023-07-24,4554.64013671875,4563.41015625,4541.2900390625,4543.39013671875,3856250000.0,4336.33478515625,4056.5209545898438,61.49997199245627,58.80163795776422,70.02479292095276,-0.33984375
2023-07-25,4567.4599609375,4580.6201171875,4552.419921875,4555.18994140625,3812470000.0,4345.07158203125,4060.441854248047,61.70647287605698,59.38260494142278,71.3340099370322,1.73974609375
2023-07-26,4566.75,4582.47021484375,4547.580078125,4558.9599609375,3990290000.0,4353.92498046875,4064.5530041503907,61.108418588980385,59.7277676709343,71.14867668330595,31.8798828125
2023-07-27,4537.41015625,4607.06982421875,4528.56005859375,4598.259765625,4553210000.0,4361.947587890625,4069.0417553710936,57.60296494709473,59.302807126166385,63.77452654893487,1.0703125
2023-07-28,4582.22998046875,4590.16015625,4564.009765625,4565.75,3981010000.0,4371.394189453125,4073.890955810547,57.77545345654744,58.9973363922426,69.05146760386575,27.58984375
2023-07-31,4588.9599609375,4594.22021484375,4573.14013671875,4584.81982421875,4503600000.0,4379.99798828125,4078.8915551757814,57.7890488394487,58.75567888168382,69.76370549830767,21.5
2023-08-01,4576.72998046875,4584.6201171875,4567.52978515625,4578.830078125,4042370000.0,4387.571591796875,4083.8900549316404,56.16552485601551,58.237648076550165,66.75708226671563,9.97998046875
2023-08-02,4513.39013671875,4550.93017578125,4505.75,4550.93017578125,4270710000.0,4393.999794921875,4088.1074560546876,49.20071910140541,56.430262281521216,53.82017460229651,-24.02001953125
2023-08-03,4501.89013671875,4519.490234375,4485.5400390625,4494.27001953125,4149120000.0,4400.185,4092.701556396484,42.26589158310526,53.597388141838024,51.85531316436618,-80.33984375
2023-08-04,4478.02978515625,4540.33984375,4474.5498046875,4513.9599609375,4143310000.0,4406.833994140625,4096.7019555664065,34.44756970955768,49.767424455381956,47.944314882607365,-110.93017578125
2023-08-07,4518.43994140625,4519.83984375,4491.14990234375,4491.580078125,3493920000.0,4414.89798828125,4100.694255371094,31.153141165216766,46.04456779734892,54.2391813698143,-58.2900390625
2023-08-08,4499.3798828125,4503.31005859375,4464.39013671875,4498.02978515625,3884910000.0,4421.859990234375,4104.715355224609,26.696554113993443,42.17496506067783,51.100400167250974,-14.01025390625
2023-08-09,4467.7099609375,4502.43994140625,4461.330078125,4501.56982421875,3803100000.0,4427.105185546875,4108.725004882813,20.374316313302188,37.8148353112027,46.30541626468079,-34.18017578125
2023-08-10,4468.830078125,4527.3701171875,4457.919921875,4487.16015625,4504370000.0,4432.37138671875,4112.305405273438,15.278164235828626,33.307501096127886,46.49664143058243,-9.19970703125
2023-08-11,4464.0498046875,4476.22998046875,4443.97998046875,4450.68994140625,3753290000.0,4438.05578125,4115.638953857422,10.730010006488556,28.792002878200023,45.747852790107224,-54.39013671875
2023-08-14,4489.72021484375,4490.330078125,4453.43994140625,4458.1298828125,3896410000.0,4443.42978515625,4118.792004394531,9.09214399874054,24.85203110230813,50.37002839176767,-9.65966796875
2023-08-15,4437.85986328125,4478.8701171875,4432.18994140625,4478.8701171875,3832250000.0,4446.539580078125,4121.828303222656,3.5682933666157624,20.595283555169658,42.49343111341308,-29.85009765625
2023-08-16,4404.330078125,4449.9501953125,4403.5498046875,4433.7900390625,3753910000.0,4449.150380859375,4124.813453369141,-3.4749148432865695,15.781243875478413,38.32105110594001,-64.5
2023-08-17,4370.35986328125,4421.169921875,4364.830078125,4416.31982421875,3943700000.0,4450.880576171875,4127.159952392578,-11.663372432959477,10.292320613790835,34.61293989415741,-93.68994140625
2023-08-18,4369.7099609375,4381.81982421875,4335.31005859375,4344.8798828125,3940400000.0,4452.924375,4129.648602294922,-17.99775879493336,4.6343047320459965,34.54407096112058,-120.01025390625
2023-08-21,4399.77001953125,4407.5498046875,4360.2998046875,4380.27978515625,3726850000.0,4455.041171875,4132.366951904297,-20.357541056295304,-0.3640644256222632,40.44634887878287,-38.08984375
2023-08-22,4387.5498046875,4418.58984375,4382.77001953125,4415.330078125,3522760000.0,4456.814970703125,4135.506251220703,-22.949210495823536,-4.881093639662518,38.91028669714032,-16.7802734375
2023-08-23,4436.009765625,4443.18017578125,4396.43994140625,4396.43994140625,3837270000.0,4458.7565625,4139.086850585937,-20.852439406469784,-8.075362793023972,47.435595572266045,65.64990234375
2023-08-24,4376.31005859375,4458.2998046875,4375.5498046875,4455.16015625,3723470000.0,4458.902568359375,4142.115650634765,-23.734405189025892,-11.207171272224357,40.02508512983341,6.60009765625
2023-08-25,4405.7099609375,4418.4599609375,4356.2900390625,4389.3798828125,3296180000.0,4459.564970703125,4145.110200195312,-23.376586681395565,-13.6410543540586,44.61392327717578,5.93994140625
2023-08-28,4433.31005859375,4439.56005859375,4414.97998046875,4426.02978515625,2957230000.0,4459.714375,4148.136199951172,-20.62812750561534,-15.038468984369949,48.59064047370995,45.76025390625
2023-08-29,4497.6298828125,4500.14013671875,4431.68017578125,4432.75,3354820000.0,4461.47517578125,4151.881499023438,-13.10877177488237,-14.652529542472434,56.4399489631156,61.6201171875
2023-08-30,4514.8701171875,4521.64990234375,4493.58984375,4500.33984375,3064110000.0,4463.99837890625,4154.673999023437,-5.692861588127926,-12.860595951603534,58.278728815889465,138.56005859375
2023-08-31,4507.66015625,4532.259765625,4507.39013671875,4517.009765625,3946360000.0,4466.837783203125,4157.247650146484,-0.3929532079000637,-10.36706740286284,57.19143533694304,101.9501953125
2023-09-01,4515.77001953125,4541.25,4501.35009765625,4530.60009765625,3246260000.0,4469.515380859375,4160.04025024414,4.410815422496853,-7.411490837790902,58.13751353869778,82.4599609375
2023-09-05,4496.830078125,4514.2900390625,4496.009765625,4510.06005859375,3526250000.0,4472.485380859375,4162.565750732422,6.613307594275284,-4.6065311513776654,55.07618458474718,-0.7998046875
2023-09-06,4465.47998046875,4490.35009765625,4442.3798828125,4490.35009765625,3418850000.0,4475.218583984375,4165.099200439453,5.762679054352702,-2.532689110231592,50.350126433880995,-49.39013671875
2023-09-07,4451.14013671875,4457.81005859375,4430.4599609375,4434.5498046875,3763760000.0,4476.67318359375,4167.622100830078,3.886641476869954,-1.2488229928112828,48.30817210694118,-56.52001953125
2023-09-08,4457.490234375,4473.52978515625,4448.3798828125,4451.2998046875,3259290000.0,4478.285791015625,4170.0828515625,2.879079752254256,-0.4232424437981751,49.2889457033101,-58.27978515625
2023-09-11,4487.4599609375,4490.77001953125,4467.89013671875,4480.97998046875,3369920000.0,4480.10619140625,4172.770451660156,4.4476169330855555,0.5509294315785711,53.74913972442325,-9.3701171875
2023-09-12,4461.89990234375,4487.10986328125,4456.830078125,4473.27001953125,3435740000.0,4480.336591796875,4175.06205078125,3.586863703374547,1.1581162859377665,49.73171031155692,-3.580078125
2023-09-13,4467.43994140625,4479.39013671875,4453.52001953125,4462.64990234375,3529430000.0,4480.57359375,4177.262950439454,3.3135488907410036,1.589202806898414,50.59368568544654,16.2998046875
2023-09-14,4505.10009765625,4511.990234375,4478.68994140625,4487.77978515625,3648720000.0,4481.73919921875,4179.657850341797,6.0658811014609455,2.4845384658109206,56.104037188081904,47.60986328125
2023-09-15,4450.31982421875,4497.97998046875,4447.2099609375,4497.97998046875,6932230000.0,4482.513798828125,4182.089749755859,3.7832035438896128,2.7442714814266593,47.759808720268744,-37.14013671875
2023-09-18,4453.52978515625,4466.35986328125,4442.10986328125,4445.1298828125,3161230000.0,4483.605390625,4184.569249267578,2.2077327853203315,2.6369637422053938,48.245544450516945,-8.3701171875
2023-09-19,4443.9501953125,4449.85009765625,4416.60986328125,4445.41015625,3614880000.0,4484.293798828125,4186.388449707031,0.18404644522706803,2.1463802828097287,46.845646487098875,-23.48974609375
2023-09-20,4402.2001953125,4461.02978515625,4401.3798828125,4452.81005859375,3308450000.0,4483.552607421875,4188.016600341797,-4.7340445214586,0.770295321956063,41.230603225027494,-102.89990234375
2023-09-21,4330.0,4375.7001953125,4329.169921875,4374.35986328125,3662340000.0,4480.709404296875,4189.308100585938,-14.29286020949985,-2.2423357843351197,33.70636743701661,-120.31982421875
2023-09-22,4320.06005859375,4357.39990234375,4316.490234375,4341.740234375,3349570000.0,4476.9098046875,4190.914200439453,-22.412009020748883,-6.276270431617872,32.81841352184742,-133.4697265625
2023-09-25,4337.43994140625,4338.509765625,4302.7001953125,4310.6201171875,3195650000.0,4473.550205078125,4192.895100097656,-27.131328588442557,-10.44728206298281,35.99346307878464,-106.51025390625
2023-09-26,4273.52978515625,4313.009765625,4265.97998046875,4312.8798828125,3472340000.0,4468.565,4194.593149414062,-35.617858337052894,-15.481397317796828,30.31902123746167,-128.67041015625
2023-09-27,4274.509765625,4292.06982421875,4238.6298828125,4282.6298828125,3875880000.0,4462.955595703125,4196.14814819336,-41.78277228119714,-20.74167231047689,30.499953840158398,-55.490234375
2023-09-28,4299.7001953125,4317.27001953125,4264.3798828125,4269.64990234375,3846230000.0,4457.6351953125,4197.974749755859,-44.12718314804806,-25.418774477991125,35.16058281993294,-20.35986328125
2023-09-29,4288.0498046875,4333.14990234375,4274.85986328125,4328.18017578125,3865960000.0,4452.6987890625,4199.462198486328,-46.39047429702805,-29.613114441798512,34.02416886360203,-49.39013671875
2023-10-02,4288.39013671875,4300.580078125,4260.2099609375,4284.52001953125,3938660000.0,4447.739794921875,4200.805899658203,-47.60789273550745,-33.2120701005403,34.0911837090579,14.8603515625
2023-10-03,4229.4501953125,4281.14990234375,4216.4501953125,4269.75,3953830000.0,4441.23599609375,4201.976550292969,-52.720932219880524,-37.11384252440835,28.661477946192562,-45.0595703125
2023-10-04,4263.75,4268.5,4220.47998046875,4233.830078125,3777600000.0,4435.161796875,4203.816550292969,-53.38989973575826,-40.36905396667834,35.13595740600175,-35.9501953125
2023-10-05,4258.18994140625,4267.1298828125,4225.91015625,4259.31005859375,3581470000.0,4428.990595703125,4205.8456994628905,-53.74912511623825,-43.04506819659032,34.587960496122335,-29.85986328125
2023-10-06,4308.5,4324.10009765625,4219.5498046875,4234.7900390625,3902030000.0,4424.412392578125,4208.299899902344,-49.40470585282492,-44.316995727837245,43.217730158854714,20.10986328125
2023-10-09,4335.66015625,4341.72998046875,4283.7900390625,4289.02001953125,3174630000.0,4419.48099609375,4210.870100097656,-43.27131982476203,-44.1078605472222,47.262753991354685,106.2099609375
2023-10-10,4358.240234375,4385.4599609375,4339.64013671875,4339.75,3520240000.0,4414.8666015625,4213.2691015625,-36.17158015377572,-42.52060446853291,50.424680124643,94.490234375
2023-10-11,4376.9501953125,4378.64013671875,4345.33984375,4366.58984375,3601660000.0,4410.871005859375,4216.041903076172,-28.704361816492565,-39.757355938124846,52.94233816315301,118.76025390625
2023-10-12,4349.60986328125,4385.85009765625,4325.43017578125,4380.93994140625,3713140000.0,4407.595400390625,4218.565852050781,-24.707856992720735,-36.74745614904403,49.02438735314842,41.10986328125
2023-10-13,4327.77978515625,4377.10009765625,4311.97021484375,4360.490234375,3566560000.0,4404.113193359375,4221.058500976563,-23.036551958509335,-34.00527531093709,46.091388826907995,-7.88037109375
2023-10-16,4373.6298828125,4383.330078125,4342.3701171875,4342.3701171875,3409960000.0,4402.0251953125,4224.010550537109,-17.80704248096754,-30.76562874494318,52.51690924491379,15.3896484375
2023-10-17,4373.2001953125,4393.56982421875,4337.5400390625,4345.22998046875,3794850000.0,4399.120400390625,4226.630151367188,-13.541196252341251,-27.320742246422796,52.4538099724982,-3.75
2023-10-18,4314.60009765625,4364.2001953125,4303.83984375,4357.35009765625,3686030000.0,4395.4248046875,4229.005651855468,-14.719345074259763,-24.80046281199019,44.58599791231779,-35.009765625
2023-10-19,4278.0,4339.5400390625,4269.68994140625,4321.35986328125,3969730000.0,4391.63060546875,4231.274952392578,-18.394320231255733,-23.5192342958433,40.499979409080446,-49.77978515625
2023-10-20,4224.16015625,4276.56005859375,4223.02978515625,4273.85009765625,4004030000.0,4386.73720703125,4233.130903320312,-25.358868699201594,-23.88716117651496,35.3655882299083,-149.4697265625
2023-10-23,4217.0400390625,4255.83984375,4189.22021484375,4210.39990234375,3776100000.0,4381.79701171875,4235.175603027344,-31.094420366262057,-25.32861301446438,34.73838000121728,-156.16015625
2023-10-24,4247.68017578125,4259.3798828125,4219.43017578125,4235.7900390625,3821820000.0,4376.9562109375,4236.938603515625,-32.78950640287712,-26.82079169214693,39.69486077382835,-66.919921875
2023-10-25,4186.77001953125,4232.419921875,4181.419921875,4232.419921875,3869370000.0,4371.9344140625,4238.412003173828,-38.60282551813998,-29.17719845734554,34.14341358513961,-91.22998046875
2023-10-26,4137.22998046875,4183.60009765625,4127.89990234375,4175.990234375,4277640000.0,4366.592412109375,4239.501903076172,-46.66941397504797,-32.67564156088603,30.417393128018162,-86.93017578125
2023-10-27,4117.3701171875,4156.7001953125,4103.77978515625,4152.93017578125,4019500000.0,4361.5326171875,4240.240703125,-54.041808110730926,-36.94887487085501,29.04880983828096,-99.669921875
2023-10-30,4166.81982421875,4177.47021484375,4132.93994140625,4139.39013671875,3911140000.0,4357.474814453125,4241.158952636719,-55.2573333471837,-40.61056656612075,36.687373841056626,-80.8603515625
2023-10-31,4193.7998046875,4195.5498046875,4153.1201171875,4171.330078125,4249470000.0,4353.35541015625,4242.1325012207035,-53.42770557940821,-43.173994368778246,40.45411993573804,7.02978515625
2023-11-01,4237.85986328125,4245.64013671875,4197.740234375,4201.27001953125,4224900000.0,4350.361611328125,4243.366950683594,-47.87061128003188,-44.11331775102897,46.09436892161698,100.6298828125
2023-11-02,4317.77978515625,4319.72021484375,4268.259765625,4268.259765625,4669780000.0,4347.99701171875,4245.311549072266,-36.595850055106894,-42.60982421184456,54.511152417082364,200.40966796875
2023-11-03,4358.33984375,4373.6201171875,4334.22998046875,4334.22998046875,4570960000.0,4347.637607421875,4247.608997802734,-24.1097407169309,-38.90980751286183,58.0878344147308,191.52001953125
2023-11-06,4365.97998046875,4372.2099609375,4347.52978515625,4364.27001953125,3656340000.0,4346.8430078125,4249.575847167969,-13.442951944876768,-33.81643639926482,58.74584119622966,172.18017578125
2023-11-07,4378.3798828125,4386.259765625,4355.41015625,4366.2099609375,3791230000.0,4345.744404296875,4251.368696289062,-3.9434192220287514,-27.84183296381761,59.847642139628334,140.52001953125
2023-11-08,4382.77978515625,4391.2001953125,4359.759765625,4384.3701171875,3729510000.0,4343.44740234375,4253.197845458984,3.8951632318066913,-21.49443372469275,60.25328709241468,65.0
2023-11-09,4347.35009765625,4393.39990234375,4343.93994140625,4391.41015625,3900780000.0,4340.097001953125,4254.85349609375,7.165813579035785,-15.762384263947045,55.39981735998592,-10.98974609375
2023-11-10,4415.240234375,4418.02978515625,4353.33984375,4364.14990234375,3665080000.0,4338.248603515625,4256.627547607422,15.062364631163291,-9.597434484924978,61.75678525101175,49.26025390625
2023-11-13,4411.5498046875,4421.759765625,4393.81982421875,4406.66015625,3326240000.0,4336.16419921875,4258.332496337891,20.78307702307393,-3.5213321833251974,61.24575768332977,33.169921875
2023-11-14,4495.7001953125,4508.669921875,4458.97021484375,4458.97021484375,4700350000.0,4336.1416015625,4260.722147216797,31.741124137555744,3.5311590808509914,67.79068740735536,112.92041015625
2023-11-15,4502.8798828125,4521.169921875,4495.31005859375,4505.2998046875,4347170000.0,4336.889599609375,4262.853546142578,40.53750507753375,10.932428280187544,68.28285600302488,155.52978515625
2023-11-16,4508.240234375,4511.990234375,4487.830078125,4497.080078125,3964520000.0,4338.0316015625,4264.798697509766,47.394897048854546,18.224922033920944,68.66779842079833,93.0
2023-11-17,4514.02001953125,4520.1201171875,4499.66015625,4509.5498046875,3777240000.0,4339.162197265625,4266.4699987792965,52.68845029185468,25.117627685507692,69.1032279808816,102.47021484375
2023-11-20,4547.3798828125,4557.10986328125,4510.35986328125,4511.7001953125,3644790000.0,4340.360595703125,4268.524498291015,58.896568561178356,31.873415860641828,71.55994263463555,51.6796875
2023-11-21,4538.18994140625,4542.14013671875,4525.509765625,4538.77001953125,3511080000.0,4341.886396484375,4270.660047607422,62.35619218067768,37.969971124649,69.91079694011762,35.31005859375
2023-11-22,4556.6201171875,4568.43017578125,4545.0498046875,4553.0400390625,3042810000.0,4343.67,4272.623148193359,65.82632508242841,43.54124191620488,71.33740904508714,48.3798828125
2023-11-24,4559.33984375,4560.31005859375,4552.7998046875,4555.83984375,1639500000.0,4344.754794921875,4274.830548095703,68.0118908698978,48.435371706943464,71.55176276557462,45.31982421875
2023-11-27,4550.43017578125,4560.52001953125,4546.31982421875,4554.85986328125,3403990000.0,4346.757001953125,4277.175198974609,68.23842171020988,52.39598170759675,69.71248587516536,3.05029296875
2023-11-28,4554.89013671875,4568.14013671875,4540.509765625,4545.5498046875,3586240000.0,4348.784208984375,4279.4973498535155,67.99403766603609,55.51559289928463,70.1264548149724,16.7001953125
2023-11-29,4550.580078125,4587.64013671875,4547.14990234375,4571.83984375,4418760000.0,4350.916806640625,4281.563800048828,66.68388551949192,57.749251423326086,69.14292242891457,-6.0400390625
2023-11-30,4567.7998046875,4569.89013671875,4537.240234375,4554.8701171875,5399300000.0,4354.228798828125,4283.722149658203,66.2711361216925,59.453628362999375,70.89899525706353,8.4599609375
2023-12-01,4594.6298828125,4599.39013671875,4554.7099609375,4559.43017578125,4397120000.0,4359.521396484375,4285.957298583984,67.33282147388127,61.02946698517576,73.435681637291,44.19970703125
2023-12-04,4569.77978515625,4572.3701171875,4546.72021484375,4564.3701171875,4369910000.0,4364.515791015625,4288.354147949219,65.41495666357241,61.9065649208551,67.56148069060296,14.8896484375
2023-12-05,4567.18017578125,4578.56005859375,4551.68017578125,4557.25,3909950000.0,4369.110595703125,4290.794598388672,62.95951019066797,62.117153974817676,66.95807512940252,16.60009765625
2023-12-06,4549.33984375,4590.740234375,4546.5,4586.22998046875,4245680000.0,4374.626796875,4293.5545971679685,58.8950796559493,61.47273911104401,62.812043665066675,-18.4599609375
2023-12-07,4585.58984375,4590.919921875,4565.22021484375,4568.83984375,3818880000.0,4380.8483984375,4296.527296142578,57.93126565118746,60.7644444190727,67.24952912220161,-9.0400390625
2023-12-08,4604.3701171875,4609.22998046875,4574.06005859375,4576.2001953125,3707010000.0,4386.941796875,4299.487546386718,58.01409682593294,60.21437490044475,69.29380373480826,34.59033203125
2023-12-11,4622.43994140625,4623.7099609375,4593.39013671875,4593.39013671875,3823210000.0,4393.629599609375,4302.749545898438,58.8593311959512,59.943366159546045,71.15917816058544,55.259765625
2023-12-12,4643.7001953125,4643.93017578125,4608.08984375,4618.2998046875,3808380000.0,4400.73580078125,4306.056846923828,60.546764917735345,60.06404591118391,73.22048174894051,94.3603515625
2023-12-13,4707.08984375,4709.68994140625,4643.22998046875,4646.2001953125,5063650000.0,4410.28859375,4309.741546630859,66.23556084385928,61.29834889771899,78.21905092769273,121.5
2023-12-14,4719.5498046875,4738.56982421875,4694.33984375,4721.0400390625,6314040000.0,4419.40458984375,4313.582346191406,70.93173048077915,63.225025214331026,79.04694233499481,115.1796875
2023-12-15,4719.18994140625,4725.52978515625,4704.68994140625,4714.22998046875,8218980000.0,4428.62458984375,4317.271545410156,73.77401981512321,65.33482413448947,78.9536009867939,96.75
2023-12-18,4740.56005859375,4749.52001953125,4725.580078125,4725.580078125,4060340000.0,4437.265791015625,4320.746146240234,76.86489380069088,67.64083806772975,80.43136018823968,96.85986328125
2023-12-19,4768.3701171875,4768.68994140625,4743.72021484375,4743.72021484375,4026970000.0,4445.919990234375,4324.345897216797,80.62903172505958,70.23847679919572,82.18445229531048,61.2802734375
2023-12-20,4698.35009765625,4778.009765625,4697.81982421875,4764.72998046875,4201320000.0,4452.7221875,4327.9057971191405,77.07365068638683,71.60551157663394,66.12249892139549,-21.19970703125
2023-12-21,4746.75,4748.7099609375,4708.35009765625,4724.2900390625,3431180000.0,4460.11818359375,4331.679497070312,77.2707244107296,72.73855414345307,70.42516780431461,27.56005859375
2023-12-22,4754.6298828125,4772.93994140625,4736.77001953125,4753.919921875,3046770000.0,4468.218583984375,4335.861046142578,77.17314348566288,73.62547201189504,71.06940221909746,14.06982421875
2023-12-26,4774.75,4784.72021484375,4758.4501953125,4758.85986328125,2513910000.0,4477.15798828125,4340.426845703125,77.82224876461987,74.46482736244002,72.7043735048584,6.3798828125
2023-12-27,4781.580078125,4785.39013671875,4768.89990234375,4773.4501953125,2748450000.0,4485.3169921875,4345.055946044922,77.98879333486093,75.1696205569242,73.25688904323704,83.22998046875
2023-12-28,4783.35009765625,4793.2998046875,4780.97998046875,4786.43994140625,2698860000.0,4493.519990234375,4349.376246337891,77.37171393415429,75.61003923237023,73.40711808601844,36.60009765625
2023-12-29,4769.830078125,4788.43017578125,4751.990234375,4782.8798828125,3126060000.0,4502.62458984375,4353.7657470703125,74.92799815692979,75.47363101728214,70.16487423165884,15.2001953125
2024-01-02,4742.830078125,4754.330078125,4722.669921875,4745.2001953125,3743050000.0,4511.92119140625,4357.678497314453,70.00567954905364,74.38004072363644,64.07808640305169,-31.919921875
2024-01-03,4704.81005859375,4729.2900390625,4699.7099609375,4725.06982421875,3950760000.0,4521.534189453125,4361.619348144532,62.31844056832142,71.96772069257344,56.62843081972985,-76.77001953125
2024-01-04,4688.68017578125,4726.77978515625,4687.52978515625,4697.419921875,3715480000.0,4530.9669921875,4365.30489868164,54.29877902779481,68.43393235961771,53.77223294068243,-94.669921875
2024-01-05,4697.240234375,4721.490234375,4682.10986328125,4690.56982421875,3844370000.0,4539.958193359375,4368.776749267578,48.07963259152439,64.36307240599905,55.06745719778896,-72.58984375
2024-01-08,4763.5400390625,4764.5400390625,4699.81982421875,4703.7001953125,3742320000.0,4551.49359375,4372.909599609375,47.9480392322921,61.080065771257665,63.579092568608026,20.7099609375
2024-01-09,4756.5,4765.47021484375,4730.35009765625,4741.93017578125,3529960000.0,4563.878994140625,4376.948499755859,46.73692406286682,58.2114374295795,62.23104076388657,51.68994140625
2024-01-10,4783.4501953125,4790.7998046875,4756.2001953125,4759.93994140625,3498680000.0,4577.200595703125,4381.01080078125,47.40530326773023,56.05021059720965,65.26706523751716,94.77001953125
2024-01-11,4780.240234375,4798.5,4739.580078125,4792.1298828125,3759890000.0,4589.46900390625,4385.024351806641,47.13266555267728,54.26670158830318,64.60097686684281,83.0
2024-01-12,4783.830078125,4802.39990234375,4768.97998046875,4791.18017578125,3486340000.0,4601.269609375,4389.08715209961,46.66830541350282,52.747022353343105,65.03079428661562,20.2900390625
2024-01-16,4765.97998046875,4782.33984375,4747.1201171875,4772.35009765625,4260550000.0,4611.83201171875,4392.778001708984,44.34871853514869,51.06736158970423,61.06067056596726,9.47998046875
2024-01-17,4739.2099609375,4744.22998046875,4714.81982421875,4739.1298828125,3928600000.0,4620.260615234375,4396.219901123047,39.89047975291851,48.831985222347086,55.58042958062135,-44.240234375
2024-01-18,4780.93994140625,4785.7900390625,4740.56982421875,4760.10009765625,4019000000.0,4628.7126171875,4399.578050537109,39.27185259907219,46.91995869769211,61.39672450042097,0.69970703125
2024-01-19,4839.81005859375,4842.06982421875,4785.8701171875,4796.27978515625,4287200000.0,4638.18921875,4403.154552001954,43.03582240974447,46.143131440102586,67.80193295296314,55.97998046875
2024-01-22,4850.43017578125,4868.41015625,4844.0498046875,4853.419921875,4297610000.0,4647.630224609375,4406.903702392578,46.341553718992145,46.1828158958805,68.80742677457096,84.4501953125
2024-01-23,4864.60009765625,4866.47998046875,4844.3701171875,4856.7998046875,3912800000.0,4657.266630859375,4410.774803466797,49.53376941035185,46.853006598774776,70.14698216611669,125.39013671875
2024-01-24,4868.5498046875,4903.68017578125,4865.93994140625,4888.56005859375,4330030000.0,4667.690625,4414.592452392578,51.785382043848585,47.839481687789544,70.52692394084268,87.60986328125
2024-01-25,4894.16015625,4898.14990234375,4869.33984375,4886.66015625,4020430000.0,4677.2690234375,4418.517703857422,55.00231021987747,49.272047394207135,72.93246541786505,54.35009765625
2024-01-26,4890.97021484375,4906.68994140625,4881.47021484375,4888.91015625,3353400000.0,4686.857431640625,4422.42785522461,56.641420328576714,50.745921981081054,72.14263971133137,40.5400390625
2024-01-29,4927.93017578125,4929.31005859375,4887.39990234375,4892.9501953125,3525160000.0,4695.50203125,4426.6077563476565,60.2285100859217,52.64243960204919,75.45882777965906,63.330078125
2024-01-30,4924.97021484375,4931.08984375,4916.27001953125,4925.89013671875,3836130000.0,4703.943837890625,4430.501506347657,62.11642101662255,54.53723588496386,74.69197447629386,56.42041015625
2024-01-31,4845.64990234375,4906.75,4845.14990234375,4899.18994140625,4696120000.0,4710.69203125,4434.0415551757815,56.56012777410524,54.94181426279214,57.753820518784195,-48.51025390625
2024-02-01,4906.18994140625,4906.97021484375,4853.52001953125,4861.10986328125,4386090000.0,4718.5354296875,4437.815905761719,56.39175153752694,55.2318017177391,64.39114575885824,15.2197265625
2024-02-02,4958.60986328125,4975.2900390625,4907.990234375,4916.06005859375,3974350000.0,4726.760029296875,4441.834604492187,59.79883797995171,56.14520897018163,68.94131069689755,30.6796875
2024-02-05,4942.81005859375,4957.18994140625,4918.08984375,4957.18994140625,4023640000.0,4734.852431640625,4445.7760546875,60.52635618079785,57.021438412304875,66.19570004035171,17.83984375
2024-02-06,4954.22998046875,4957.77001953125,4934.8798828125,4950.16015625,4440880000.0,4742.80462890625,4449.898254394531,61.31758094720681,57.88066691928526,67.21211015928168,108.580078125
2024-02-07,4995.06005859375,4999.89013671875,4969.0498046875,4973.0498046875,4895590000.0,4751.519033203125,4454.205954589844,64.49581078901247,59.203695693230706,70.6141335532366,88.8701171875
2024-02-08,4997.91015625,5000.39990234375,4987.08984375,4995.16015625,4341860000.0,4760.4686328125,4458.5103051757815,66.47824012723322,60.658604580031216,70.84156590157251,39.30029296875
2024-02-09,5026.60986328125,5030.06005859375,5000.33984375,5004.169921875,3912990000.0,4769.90302734375,4463.285205078125,69.56327404283638,62.439538472592254,73.09933325291557,83.7998046875
2024-02-12,5021.83984375,5048.39013671875,5016.830078125,5026.830078125,3805740000.0,4779.32822265625,4468.114454345703,70.80706516461578,64.11304381099696,72.10007422269761,67.60986328125
2024-02-13,4953.169921875,4971.2998046875,4920.31005859375,4967.93994140625,4302190000.0,4787.035625,4472.203553466797,65.49668478094281,64.38977200498613,59.49186688688094,-41.89013671875
2024-02-14,5000.6201171875,5002.52001953125,4956.4501953125,4976.43994140625,3845600000.0,4795.1554296875,4476.35925415039,64.3749301487951,64.38680363374793,64.15618337758214,2.7099609375
2024-02-15,5029.72998046875,5032.72021484375,4999.43994140625,5003.14013671875,4137970000.0,4804.35443359375,4480.668553466797,65.08459945773848,64.52636279854605,66.69017393505345,3.1201171875
2024-02-16,5005.56982421875,5038.7001953125,4999.52001953125,5031.1298828125,3833270000.0,4813.1222265625,4485.098502197266,62.971597426765584,64.21540972418995,62.72660183438692,-16.27001953125
2024-02-20,4975.509765625,4993.7099609375,4955.02001953125,4989.31982421875,4034880000.0,4821.645625,4489.52230102539,58.200533071069,63.01243439356577,58.09986494489933,22.33984375
2024-02-21,4981.7998046875,4983.2099609375,4946.0,4963.02978515625,3788390000.0,4829.56982421875,4494.125200195313,54.301035246707215,61.27015456419406,58.78492297311494,-18.8203125
2024-02-22,5087.02978515625,5094.39013671875,5038.830078125,5038.830078125,4051710000.0,4839.223017578125,4498.8790991210935,59.02147231348499,60.82041811405225,68.16301852920526,57.2998046875
2024-02-23,5088.7998046875,5111.06005859375,5081.4599609375,5100.919921875,3672790000.0,4848.55021484375,4503.632497558594,62.18840921087758,61.09401633341732,68.29370399631148,83.22998046875
2024-02-26,5069.52978515625,5097.66015625,5068.91015625,5093.0,3683930000.0,4857.066806640625,4508.384296875,62.423718222457865,61.359956711225436,65.1578837113202,94.02001953125
2024-02-27,5078.18017578125,5080.68994140625,5057.2900390625,5074.60009765625,3925950000.0,4864.48861328125,4513.0869970703125,62.58675538141688,61.605316445263725,65.91450464652178,96.38037109375
2024-02-28,5069.759765625,5077.3701171875,5058.35009765625,5067.2001953125,3789370000.0,4871.4928125,4517.7826953125,61.32953803900364,61.55016076401171,64.44739884889188,-17.27001953125
2024-02-29,5096.27001953125,5104.990234375,5061.89013671875,5085.35986328125,5219740000.0,4879.0344140625,4522.6436450195315,61.76040467164057,61.592209545537486,66.94211334349164,7.47021484375
2024-03-01,5137.080078125,5140.330078125,5094.16015625,5098.509765625,4748110000.0,4886.964814453125,4527.647646484375,64.64965921840212,62.203699480110416,70.38696414115182,67.55029296875
2024-03-04,5130.9501953125,5149.669921875,5127.18017578125,5130.990234375,4758440000.0,4894.216416015625,4532.752897949219,65.6875784341737,62.900475270923074,69.22016104284633,52.77001953125
2024-03-05,5078.64990234375,5114.5400390625,5056.81982421875,5110.52001953125,4418410000.0,4901.822412109375,4537.352297363282,61.580083469716556,62.636396910681775,60.07053266673376,8.89013671875
2024-03-06,5104.759765625,5127.97021484375,5092.22021484375,5108.02978515625,4559050000.0,4908.982607421875,4541.885847167969,59.74303139783751,62.057723808112925,62.71984817152445,8.48974609375
2024-03-07,5157.35986328125,5165.6201171875,5128.2099609375,5132.3798828125,4137980000.0,4917.03720703125,4546.712746582031,61.818932506147576,62.00996554771986,67.41098438071774,20.27978515625
2024-03-08,5123.68994140625,5189.259765625,5117.5,5164.4599609375,4208870000.0,4924.016005859375,4551.368046875,60.054941800337474,61.618960798243386,62.030220468323364,-7.26025390625
2024-03-11,5117.93994140625,5124.66015625,5091.14013671875,5111.9599609375,3896430000.0,4930.743203125,4556.229846191406,57.529821540226294,60.80113294663997,61.13279591619893,39.2900390625
2024-03-12,5175.27001953125,5179.8701171875,5114.47998046875,5134.2998046875,4080510000.0,4938.5816015625,4561.529995117187,59.469180029708696,60.53474236325371,66.35875550337295,70.51025390625
2024-03-13,5165.31005859375,5179.14013671875,5151.8798828125,5173.490234375,4282890000.0,4946.491201171875,4566.600146484375,59.51638218993321,60.33107032858962,64.7303941621982,7.9501953125
2024-03-14,5150.47998046875,5176.85009765625,5123.2998046875,5175.14013671875,4687970000.0,4954.64419921875,4571.325295410156,57.69208839449766,59.80327394177123,62.27980623117155,26.7900390625
2024-03-15,5117.08984375,5136.85986328125,5104.35009765625,5123.31005859375,7753670000.0,4962.889794921875,4575.88314453125,52.94173803709691,58.43096676083637,57.04347120189082,-0.85009765625
2024-03-18,5149.419921875,5175.60009765625,5145.47021484375,5154.77001953125,4036220000.0,4972.10458984375,4580.73109375,51.19566649027729,56.983906706724554,60.505935058856615,-25.85009765625
2024-03-19,5178.509765625,5180.31005859375,5131.58984375,5139.08984375,4031760000.0,4981.72998046875,4585.518542480469,51.56479265456073,55.9000838962918,63.367123172842234,13.19970703125
2024-03-20,5224.6201171875,5226.18994140625,5171.5498046875,5181.68994140625,4064850000.0,4990.95158203125,4590.229792480469,54.94467974376221,55.70900306578588,67.39883451867121,74.14013671875
2024-03-21,5241.52978515625,5261.10009765625,5240.66015625,5253.43017578125,4207730000.0,5000.652177734375,4595.068491210937,58.315508614646205,56.23030417555795,68.75681951697612,124.43994140625
2024-03-22,5234.18017578125,5246.08984375,5229.8701171875,5242.47998046875,3374700000.0,5009.66677734375,4599.820141601563,59.70561357913175,56.925366056272715,67.44188119136658,84.76025390625
2024-03-25,5218.18994140625,5229.08984375,5216.08984375,5219.52001953125,3331360000.0,5018.425771484375,4604.573491210937,58.8387470504058,57.30804225509934,64.54948589180427,39.68017578125
2024-03-26,5203.580078125,5235.16015625,5203.419921875,5228.85009765625,3871790000.0,5026.820771484375,4609.121740722656,56.32359190659918,57.11115218539931,61.935844261168356,-21.0400390625
2024-03-27,5248.490234375,5249.259765625,5213.919921875,5226.31005859375,3850500000.0,5036.4709765625,4613.869892578125,57.29374103146165,57.147669954611786,66.43492667642283,6.96044921875
2024-03-28,5254.35009765625,5264.85009765625,5245.81982421875,5248.02978515625,3998270000.0,5046.773779296875,4618.4469921875,57.86836273256176,57.29180851020178,66.98329092124968,20.169921875
2024-04-01,5243.77001953125,5263.9501953125,5229.2001953125,5257.97021484375,3325930000.0,5056.030380859375,4622.820793457031,56.815101562682685,57.19646712069797,64.92098676044262,25.580078125
2024-04-02,5205.81005859375,5208.33984375,5184.0498046875,5204.2900390625,3886590000.0,5063.350380859375,4626.98689453125,52.314286365481166,56.22003096965461,58.01894432839174,2.22998046875
2024-04-03,5211.490234375,5228.75,5194.3701171875,5194.3701171875,3703250000.0,5070.57158203125,4630.915146484375,48.644951884521106,54.70501515262791,58.726057886648746,-37.0
2024-04-04,5147.2099609375,5256.58984375,5146.06005859375,5244.0498046875,4075680000.0,5076.223779296875,4634.603247070312,40.08798765075335,51.781609652252996,48.724190998008744,-107.14013671875
2024-04-05,5204.33984375,5222.18017578125,5157.2099609375,5158.9501953125,3386780000.0,5082.939580078125,4638.681396484375,37.48433979850597,48.9221556815036,55.911208708869815,-39.43017578125
2024-04-08,5202.39013671875,5219.56982421875,5197.35009765625,5211.3701171875,3278180000.0,5089.1041796875,4642.864897460938,34.86174060922622,46.11007266704812,55.624662745316364,-3.419921875
2024-04-09,5209.91015625,5224.81005859375,5160.77978515625,5217.02978515625,3400680000.0,5095.482978515625,4647.0049975585935,33.009600459328794,43.48997822550426,56.549623380499064,-1.580078125
2024-04-10,5160.64013671875,5178.43017578125,5138.7001953125,5167.8798828125,3845930000.0,5100.137177734375,4651.066547851562,27.251943792850398,40.24237133897349,49.2991048442355,13.43017578125
2024-04-11,5199.06005859375,5211.77978515625,5138.77001953125,5172.9501953125,3509380000.0,5105.618974609375,4655.417749023438,25.495232835719435,37.29294363832268,54.227468115202726,-5.27978515625
2024-04-12,5123.41015625,5175.02978515625,5107.93994140625,5171.509765625,3963220000.0,5111.1741796875,4659.142749023437,17.793598333784757,33.3930745774151,44.96019700066827,-78.97998046875
2024-04-15,5061.81982421875,5168.43017578125,5052.47021484375,5149.669921875,3950210000.0,5114.28677734375,4662.567548828125,6.6435892789641,28.0431775177249,39.10133835027709,-148.09033203125
2024-04-16,5051.41015625,5079.83984375,5039.830078125,5064.58984375,4006200000.0,5116.142783203125,4665.8423999023435,-2.998284083761064,21.83488519742771,38.19538726762752,-109.22998046875
2024-04-17,5022.2099609375,5077.9599609375,5007.25,5068.97021484375,3596130000.0,5117.73078125,4668.701550292969,-12.84765020103805,14.898378117734559,35.696899731480286,-176.85009765625
2024-04-18,5011.1201171875,5056.66015625,5001.89013671875,5031.52001953125,3619760000.0,5118.868583984375,4671.479201660156,-21.30263796869349,7.65817490044895,34.76674613334666,-112.2900390625
2024-04-19,4967.22998046875,5019.02001953125,4953.56005859375,5005.43994140625,3878750000.0,5118.311982421875,4674.081252441406,-31.185358516714587,-0.11053178298375725,31.291563566482594,-94.58984375
2024-04-22,5010.60009765625,5038.83984375,4969.39990234375,4987.330078125,3820250000.0,5118.56578125,4677.076303710937,-35.11311759189721,-7.1110489447664476,37.897453488406654,-40.81005859375
2024-04-23,5070.5498046875,5076.1201171875,5027.9599609375,5028.85009765625,3751400000.0,5119.444580078125,4680.434301757812,-33.007959410793774,-12.290431037971913,45.672799832575166,48.33984375
2024-04-24,5071.6298828125,5089.47998046875,5047.02001953125,5084.85986328125,3656740000.0,5120.440380859375,4683.744802246094,-30.89629979556139,-16.01160478948981,45.80445161244232,60.509765625
2024-04-25,5048.419921875,5057.75,4990.580078125,5019.8798828125,3958050000.0,5122.345380859375,4686.790603027343,-30.741277894931045,-18.957539410578057,43.37211361544266,81.18994140625
2024-04-26,5099.9599609375,5114.6201171875,5073.14013671875,5084.64990234375,3604140000.0,5124.332177734375,4689.929602050781,-26.158037929110833,-20.397639114284615,49.753004936539554,89.35986328125
2024-04-29,5116.169921875,5123.490234375,5088.64990234375,5114.1298828125,3447450000.0,5126.0609765625,4692.960251464844,-20.97598081068554,-20.513307453564803,51.60021520633641,45.6201171875
2024-04-30,5035.68994140625,5110.830078125,5035.31005859375,5103.77978515625,4082470000.0,5126.66337890625,4695.6116015625,-23.096977455458727,-21.03004145394359,43.12377359495998,-35.93994140625
2024-05-01,5018.39013671875,5096.1201171875,5013.4501953125,5029.02978515625,4544170000.0,5127.520986328125,4698.089602050782,-25.87555494474873,-21.99914415210462,41.54395254334465,-30.02978515625
2024-05-02,5064.2001953125,5073.2099609375,5011.0498046875,5049.31982421875,4381660000.0,5129.168994140625,4700.635703125,-24.103261352585832,-22.419967592200862,47.07325855619622,-35.759765625
2024-05-03,5127.7900390625,5139.1201171875,5101.22021484375,5122.77978515625,3924990000.0,5129.98419921875,4703.446052246094,-17.367337112542373,-21.409441496269167,53.63002395250275,11.6201171875
2024-05-06,5180.740234375,5181.0,5142.419921875,5142.419921875,3683250000.0,5131.8230078125,4706.675402832031,-7.668038015071943,-18.661160800029723,58.26626717532253,145.05029296875
2024-05-07,5187.7001953125,5200.22998046875,5178.9599609375,5187.2001953125,3987890000.0,5134.186416015625,4709.932204589843,0.5737235522065021,-14.814183929582478,58.84868806535221,169.31005859375
2024-05-08,5187.669921875,5191.9501953125,5165.85986328125,5168.97998046875,3842100000.0,5136.3762109375,4713.097353515625,7.0219910181403975,-10.446948940037904,58.8448412807341,123.4697265625
2024-05-09,5214.080078125,5215.2998046875,5180.41015625,5189.02978515625,3727370000.0,5139.2626171875,4716.330454101562,14.100822824576426,-5.537394587115038,61.2260367772275,86.2900390625
2024-05-10,5222.68017578125,5239.66015625,5209.68017578125,5225.490234375,3617900000.0,5141.7908203125,4719.610104980468,20.172270658898015,-0.39546153791242744,61.997125434589584,41.93994140625
2024-05-13,5221.419921875,5237.259765625,5211.16015625,5233.080078125,4255710000.0,5143.4776171875,4723.030153808594,24.598686506270496,4.603368070924158,61.80316453451257,33.7197265625
2024-05-14,5246.68017578125,5250.3701171875,5217.97998046875,5221.10009765625,4763580000.0,5145.792216796875,4726.352404785156,29.80141220819951,9.642976898379228,64.2194799513723,59.01025390625
2024-05-15,5308.14990234375,5311.759765625,5263.259765625,5263.259765625,4360810000.0,5150.382216796875,4729.948354492188,38.44157250149874,15.40269601900313,69.30768033956818,94.06982421875
2024-05-16,5297.10009765625,5325.490234375,5296.18994140625,5310.06982421875,3817470000.0,5154.2290234375,4733.550205078125,43.89138235734299,21.100433286671105,67.45080520311481,74.419921875
2024-05-17,5303.27001953125,5305.4501953125,5283.58984375,5303.10009765625,3578120000.0,5157.1472265625,4737.499604492187,48.15317721041356,26.510982071419598,67.96687727806838,81.85009765625
2024-05-20,5308.1298828125,5325.31982421875,5302.39990234375,5305.35009765625,3420100000.0,5160.836025390625,4741.530803222657,51.33111751704564,31.475009160544808,68.39198249739832,61.44970703125
2024-05-21,5321.41015625,5324.31982421875,5297.8701171875,5298.68994140625,3662240000.0,5164.9054296875,4745.747705078125,54.29538182048054,36.03908369253196,69.58000310716086,13.26025390625
2024-05-22,5307.009765625,5323.18017578125,5286.009765625,5319.27978515625,3847130000.0,5167.540224609375,4749.690554199219,54.85031121837983,39.801329197701534,66.65445115616339,9.90966796875
2024-05-23,5267.83984375,5341.8798828125,5256.93017578125,5340.259765625,3869520000.0,5169.5908203125,4753.532854003906,51.53534405897426,42.148132169956085,59.345212001822794,-35.43017578125
2024-05-24,5304.72021484375,5311.64990234375,5278.39013671875,5281.4501953125,3005510000.0,5172.675625,4757.717905273437,51.29287410328379,43.97708055662163,63.41332677232118,-3.40966796875
2024-05-28,5306.0400390625,5315.91015625,5280.89013671875,5315.91015625,3751540000.0,5176.45462890625,4761.903955078125,50.62365570982729,45.30639558726276,63.55387918194494,-15.3701171875
2024-05-29,5266.9501953125,5282.27001953125,5262.7001953125,5278.72998046875,3552750000.0,5178.805234375,4765.91845703125,46.4041534134185,45.52594715249391,56.616564184398015,-40.0595703125
2024-05-30,5235.47998046875,5260.2099609375,5222.10009765625,5259.77001953125,3818750000.0,5179.944638671875,4769.647255859375,40.05900879577894,44.43255948115092,51.721679900025904,-32.35986328125
2024-05-31,5277.509765625,5280.330078125,5191.68017578125,5243.2099609375,5437160000.0,5181.002431640625,4773.845505371094,37.98403209874505,43.14285400466974,57.06107689471437,-27.21044921875
2024-06-03,5283.39990234375,5302.10986328125,5234.31982421875,5297.14990234375,4046920000.0,5181.839833984375,4778.240854492187,36.39534009887575,41.793351223510946,57.766021426395625,-22.64013671875
2024-06-04,5291.33984375,5298.7998046875,5257.6298828125,5278.240234375,3707900000.0,5182.98302734375,4782.8457543945315,35.369262318292385,40.50853344246724,58.74915660354392,24.3896484375
2024-06-05,5354.02978515625,5354.16015625,5297.64013671875,5314.47998046875,3591460000.0,5185.69982421875,4787.767353515625,39.16319371556074,40.239465497085945,65.56496036713976,118.5498046875
2024-06-06,5352.9599609375,5362.35009765625,5335.35986328125,5357.7998046875,3609990000.0,5188.687421875,4792.533303222656,41.604000784682285,40.512372554605214,65.36647041384428,75.4501953125
2024-06-07,5346.990234375,5375.080078125,5331.330078125,5343.81005859375,3692760000.0,5190.657421875,4797.330505371094,42.56597684485314,40.9230934126548,64.19853576357191,63.59033203125
2024-06-10,5360.7900390625,5365.7900390625,5331.52001953125,5341.22021484375,3622280000.0,5192.786220703125,4801.954406738281,43.9354185554439,41.525558441212624,65.72317562508235,69.4501953125
2024-06-11,5375.31982421875,5375.9501953125,5327.25,5353.0,3568030000.0,5195.417216796875,4806.949455566406,45.66672562258282,42.353791877486664,67.30208595162048,21.2900390625
2024-06-12,5421.02978515625,5447.25,5409.1298828125,5409.1298828125,3962840000.0,5199.721611328125,4812.0260546875,50.14912290811753,43.91285808361284,71.71608953006118,68.06982421875
2024-06-13,5433.740234375,5441.93017578125,5402.509765625,5441.93017578125,3530380000.0,5204.166611328125,4817.0282055664065,54.10341162610803,45.95096879211188,72.81503500114863,86.75
2024-06-14,5431.60009765625,5432.39013671875,5403.75,5424.080078125,3438650000.0,5209.8544140625,4821.698056640625,56.41421482502028,48.04361799869356,72.3056172988448,70.81005859375
2024-06-17,5473.22998046875,5488.5,5420.39990234375,5431.10986328125,3447840000.0,5215.232216796875,4826.489855957031,60.9026784693242,50.61543009281969,75.84557465789376,97.91015625
2024-06-18,5487.02978515625,5490.3798828125,5471.31982421875,5476.14990234375,3544330000.0,5220.925009765625,4831.386704101563,64.82607254213417,53.457558582682594,76.89966318770146,66.0
2024-06-20,5473.169921875,5505.52978515625,5455.56005859375,5499.990234375,3847060000.0,5226.190205078125,4836.173703613281,66.05556800646264,55.97716046743861,73.43352826274048,39.4296875
2024-06-21,5464.6201171875,5478.31005859375,5452.02978515625,5466.77001953125,6773800000.0,5232.2698046875,4841.012653808593,65.58404222131867,57.89853681821462,71.29859678563454,33.02001953125
2024-06-24,5447.8701171875,5490.66015625,5447.58984375,5459.580078125,3696750000.0,5237.246005859375,4845.924604492187,63.131034358640136,58.94503632629973,67.17800181915455,-25.35986328125
2024-06-25,5469.2998046875,5472.8798828125,5446.56005859375,5460.72998046875,3591960000.0,5244.163798828125,4851.015402832031,62.199210855304045,59.5958712321006,69.59878345995894,-17.72998046875
2024-06-26,5477.89990234375,5483.14013671875,5451.8701171875,5460.7099609375,3563920000.0,5252.485400390625,4856.117451171875,61.446374466519046,59.96597187898429,70.53791474693016,4.72998046875
2024-06-27,5482.8701171875,5490.81005859375,5467.5400390625,5473.58984375,3589530000.0,5261.114599609375,4861.094501953125,60.552786178322094,60.08333473885185,71.09367149166745,18.25
2024-06-28,5460.47998046875,5523.64013671875,5451.1201171875,5488.47998046875,7199220000.0,5269.88,4866.08740234375,57.37651338033811,59.541970467149106,65.13308268821237,12.60986328125
2024-07-01,5475.08984375,5479.5498046875,5446.52978515625,5471.080078125,3488760000.0,5279.15939453125,4871.125651855469,55.399576340189924,58.71349164175727,67.0730052875989,5.7900390625
2024-07-02,5509.009765625,5509.68994140625,5458.43017578125,5461.83984375,3329950000.0,5289.994990234375,4876.145200195312,55.925222554145876,58.15583782423499,71.09415217587673,31.10986328125
2024-07-03,5537.02001953125,5539.27001953125,5507.419921875,5507.43994140625,2179470000.0,5300.523388671875,4881.578701171875,57.934165368950744,58.11150333317815,73.92589694523457,54.14990234375
2024-07-05,5567.18994140625,5570.330078125,5531.6298828125,5537.91015625,3253080000.0,5310.45619140625,4887.147001953125,61.25462242050435,58.740127150643396,76.58648059487808,106.7099609375
2024-07-08,5572.85009765625,5583.10986328125,5562.509765625,5572.75,3185670000.0,5320.480595703125,4892.791501464843,63.609584171203096,59.71401855475534,77.05942570736451,97.76025390625
2024-07-09,5576.97998046875,5590.75,5574.56982421875,5584.240234375,3232920000.0,5331.051796875,4898.665400390625,65.05919346894552,60.78305353759338,77.41785478005306,67.97021484375
2024-07-10,5633.91015625,5635.39013671875,5586.43994140625,5591.259765625,3336100000.0,5341.73080078125,4905.184951171875,69.9949504629003,62.62543292265477,81.66954545106005,96.89013671875
2024-07-11,5584.5400390625,5642.4501953125,5576.52978515625,5635.2099609375,4020950000.0,5351.098203125,4911.507351074219,69.12597636100872,63.92554161032556,69.45669843485385,17.35009765625
2024-07-12,5615.35009765625,5655.56005859375,5590.43994140625,5590.759765625,3700280000.0,5362.69140625,4917.896901855469,70.11517823326176,65.1634689349128,72.24599965585088,42.5
2024-07-15,5631.22021484375,5666.93994140625,5614.75,5638.16015625,3620470000.0,5374.9480078125,4924.6853540039065,71.35715282923411,66.40220571377706,73.5841834585386,54.240234375
2024-07-16,5667.2001953125,5669.669921875,5639.02001953125,5644.08984375,4041760000.0,5387.0080078125,4931.648806152344,74.38722079419313,67.99920872986029,76.36636908005235,33.2900390625
2024-07-17,5588.27001953125,5622.490234375,5584.81005859375,5610.06982421875,4246450000.0,5396.217607421875,4938.091655273438,69.61706377228984,68.3227797383462,61.1507204510491,3.72998046875
2024-07-18,5544.58984375,5614.0498046875,5522.81005859375,5608.56005859375,4007510000.0,5403.494599609375,4944.37435546875,61.60194594326549,66.97861297933007,54.66011967162897,-70.76025390625
2024-07-19,5505.0,5557.5,5497.0400390625,5543.3701171875,3760570000.0,5409.840595703125,4950.4574047851565,51.46211457074514,63.87531329761308,49.52884124150833,-126.22021484375
2024-07-22,5564.41015625,5570.35986328125,5529.0400390625,5544.5400390625,3375180000.0,5417.375400390625,4957.132204589844,47.670611121382535,60.63437286236697,56.17723015319924,-102.7900390625
2024-07-23,5555.740234375,5585.33984375,5550.89990234375,5565.2998046875,3500210000.0,5424.208603515625,4963.5921557617185,43.465187458818036,57.20053578165719,55.03783682912603,-32.52978515625
2024-07-24,5427.1298828125,5508.0400390625,5419.97998046875,5505.83984375,3945550000.0,5428.29759765625,4969.43685546875,29.415494863973436,51.64352759812044,41.56904080501526,-117.4599609375
2024-07-25,5399.22021484375,5491.58984375,5390.9501953125,5428.7001953125,4592120000.0,5431.853603515625,4974.890456542968,15.846269376329474,44.48407595376225,39.32025949654917,-105.77978515625
2024-07-26,5459.10009765625,5488.31982421875,5430.7001953125,5433.669921875,3638770000.0,5436.102001953125,4980.50765625,9.811268328302504,37.5495144286703,46.062151529879976,-105.31005859375
2024-07-29,5463.5400390625,5487.740234375,5444.43994140625,5476.5498046875,3379970000.0,5439.2098046875,4986.034155273437,5.325365188286014,31.104684580593442,46.536477200934236,-92.2001953125
2024-07-30,5436.43994140625,5489.4599609375,5401.7001953125,5478.72998046875,3777740000.0,5441.9966015625,4991.331604003906,-0.4117503633742672,24.8013975917999,43.99345925608816,9.31005859375
2024-07-31,5522.2998046875,5551.509765625,5493.75,5505.58984375,4546910000.0,5446.377197265625,4997.195053710938,1.9472707096238082,20.230572215364685,52.794816183051005,123.07958984375
2024-08-01,5446.68017578125,5566.16015625,5410.419921875,5537.83984375,4703620000.0,5449.148203125,5002.789555664062,-2.259019595616337,15.73265385316848,45.94638269033317,-12.419921875
2024-08-02,5346.56005859375,5383.89013671875,5302.02978515625,5376.6298828125,5156450000.0,5449.651201171875,5007.6542065429685,-13.515592350056977,9.88300461252339,38.774716282971674,-116.97998046875
2024-08-05,5186.330078125,5250.89013671875,5119.259765625,5151.14013671875,5333250000.0,5447.237607421875,5011.7198559570315,-34.9626994474811,0.9138638005224918,30.554980179390554,-250.10986328125
2024-08-06,5240.02978515625,5312.33984375,5193.56005859375,5206.419921875,4690190000.0,5446.68140625,5016.347004394531,-47.083815849551684,-8.685672129492344,35.49063556368202,-282.27001953125
2024-08-07,5199.5,5330.64013671875,5195.5400390625,5293.1298828125,4558260000.0,5444.577001953125,5020.954504394531,-59.27699457190556,-18.803936617974987,33.55236698768603,-247.18017578125
2024-08-08,5319.31005859375,5328.02978515625,5233.85009765625,5252.56982421875,4016830000.0,5444.84240234375,5026.43025390625,-58.59703596716099,-26.76255648781219,43.393983415124794,-27.25
2024-08-09,5344.16015625,5358.669921875,5300.83984375,5314.66015625,3516400000.0,5446.3866015625,5032.065854492187,-55.41418840434471,-32.492882871118695,45.206716043388624,157.830078125
2024-08-12,5344.39013671875,5371.2001953125,5324.3701171875,5351.8798828125,3360160000.0,5448.5648046875,5037.549404296875,-52.27065767352724,-36.44843783160041,45.224198699704765,104.3603515625
2024-08-13,5434.43017578125,5436.5,5376.97998046875,5376.97998046875,3648980000.0,5451.703212890625,5043.787705078125,-42.02941928202108,-37.56463412168454,51.71926227336521,234.93017578125
2024-08-14,5455.2099609375,5463.22021484375,5415.91015625,5442.35986328125,3380050000.0,5455.1394140625,5050.377604980469,-31.869042589236415,-36.42551581519492,53.101379242296495,135.89990234375
2024-08-15,5543.22021484375,5546.22998046875,5501.1298828125,5501.1298828125,3723310000.0,5460.177021484375,5057.50685546875,-16.5246925315505,-32.44535115846604,58.51776903760572,199.06005859375
2024-08-16,5554.25,5561.97998046875,5525.169921875,5530.5,3357690000.0,5464.18142578125,5064.444006347656,-3.434581362420431,-26.643197199256917,59.154437278178364,209.85986328125
2024-08-19,5608.25,5608.2998046875,5550.740234375,5557.22998046875,3222050000.0,5469.2872265625,5071.516257324219,11.168036577638304,-19.080950443877875,62.21226707728013,173.81982421875
2024-08-20,5597.1201171875,5620.509765625,5585.5,5602.8798828125,2994420000.0,5474.28982421875,5078.31255859375,21.59370913734074,-10.946018527634154,61.19538956212196,141.91015625
2024-08-21,5620.85009765625,5632.68017578125,5591.56982421875,5603.08984375,3119670000.0,5479.491025390625,5084.82791015625,31.408878853847455,-2.475039051337832,62.59906452476089,77.6298828125
2024-08-22,5570.64013671875,5643.22021484375,5560.9501953125,5637.77001953125,2981530000.0,5483.397431640625,5090.889411621094,34.73553768682177,4.967076296294089,57.8322272128884,16.39013671875
2024-08-23,5634.60986328125,5641.81982421875,5585.16015625,5602.490234375,3291940000.0,5487.669033203125,5097.232561035156,42.04904586935936,12.383470210907145,61.821141632162394,26.35986328125
2024-08-26,5616.83984375,5651.6201171875,5602.33984375,5639.66015625,2938570000.0,5491.331025390625,5103.424860839844,45.88225960111231,19.08322808894818,60.11980705573228,19.7197265625
2024-08-27,5625.7998046875,5631.18017578125,5593.47998046875,5602.89013671875,2798990000.0,5495.21501953125,5109.6399609375,49.07736969819962,25.08205641079847,60.70698662644485,4.94970703125
2024-08-28,5592.18017578125,5627.02978515625,5560.9501953125,5624.509765625,3053450000.0,5497.5940234375,5115.864111328125,48.33946710142209,29.733538548923196,57.29800492512223,21.5400390625
2024-08-29,5591.9599609375,5646.9501953125,5583.7099609375,5607.2998046875,3065640000.0,5499.692626953125,5121.747709960938,47.192894172235356,33.22540967358563,57.27531715182186,-42.64990234375
2024-08-30,5648.39990234375,5651.3701171875,5581.7900390625,5612.740234375,4185850000.0,5503.1972265625,5127.931960449218,50.259102796622756,36.63214829819306,61.484628873564176,31.56005859375
2024-09-03,5528.93017578125,5623.89013671875,5504.330078125,5623.89013671875,3866350000.0,5504.483427734375,5133.098110351562,42.558301134999056,37.81737886555426,50.20838431315711,-96.86962890625
2024-09-04,5520.06982421875,5552.990234375,5503.66015625,5506.68017578125,3478140000.0,5505.927421875,5138.184060058594,35.333105963384696,37.32052428512035,49.48355361351421,-72.1103515625
2024-09-05,5503.41015625,5546.2998046875,5480.5400390625,5520.080078125,3521650000.0,5506.60962890625,5143.159909667968,27.94070767514404,35.44456096312509,48.07812772095049,-88.5498046875
2024-09-06,5408.419921875,5522.47021484375,5402.6201171875,5507.330078125,3822800000.0,5505.220029296875,5147.631909179688,14.25296145728953,31.206241061957982,40.93848978762205,-239.97998046875
2024-09-09,5471.0498046875,5484.2001953125,5434.490234375,5442.06982421875,3825940000.0,5504.983623046875,5152.250258789062,8.36263286187932,26.63751942194225,46.57206801206771,-57.88037109375
2024-09-10,5495.52001953125,5497.91015625,5441.72021484375,5490.509765625,3848180000.0,5505.684423828125,5157.036909179687,5.604442321821807,22.430904001918165,48.63364426496528,-24.5498046875
2024-09-11,5554.1298828125,5560.41015625,5406.9599609375,5496.419921875,3839450000.0,5507.265224609375,5162.024458007812,8.055029228009516,19.55572904713644,53.28330006455609,50.7197265625
2024-09-12,5595.759765625,5600.7099609375,5535.5,5557.47998046875,3655070000.0,5509.000224609375,5167.206557617187,13.204111852053757,18.285405608119902,56.30852661462165,187.33984375
2024-09-13,5626.02001953125,5636.27001953125,5601.64990234375,5603.33984375,3500790000.0,5510.780224609375,5172.584506835938,19.501742574500895,18.5286730013961,58.41647101754323,154.97021484375
2024-09-16,5633.08984375,5636.0498046875,5604.52978515625,5615.2099609375,3437070000.0,5512.09822265625,5177.975505371094,24.77751623974291,19.778441649065464,58.91519973072667,137.56982421875
2024-09-17,5634.580078125,5670.81005859375,5614.0498046875,5655.509765625,3443600000.0,5513.332822265625,5183.395505371093,28.747471383567245,21.57224759596582,59.026750886652266,80.4501953125
2024-09-18,5618.259765625,5689.75,5615.080078125,5641.68017578125,3691390000.0,5514.15841796875,5188.647805175781,30.228323318090588,23.303462740390774,57.19523240637558,22.5
2024-09-19,5713.64013671875,5733.56982421875,5686.419921875,5702.6298828125,4024530000.0,5515.753017578125,5194.242856445312,38.65274320226854,26.37331883276633,64.18876961572006,87.6201171875
2024-09-20,5702.5498046875,5715.14013671875,5674.490234375,5709.64013671875,7867260000.0,5518.113212890625,5199.906706542969,43.92788621783802,29.88423230978067,62.901887838919464,69.4599609375
2024-09-23,5718.56982421875,5725.35986328125,5704.22021484375,5711.89990234375,3529550000.0,5520.177607421875,5205.663654785156,48.83818060896465,33.67502196961747,64.0238982277792,83.98974609375
2024-09-24,5732.93017578125,5735.31982421875,5698.990234375,5727.66015625,3872710000.0,5522.211806640625,5211.581606445313,53.27427200176771,37.59487197604752,65.04447941107651,114.67041015625
2024-09-25,5722.259765625,5741.02978515625,5712.06005859375,5733.64990234375,3624910000.0,5523.312998046875,5217.264956054688,55.291527160282385,41.134203012894496,63.60071550348039,8.61962890625
2024-09-26,5745.3701171875,5767.3701171875,5721.009765625,5762.22021484375,4391180000.0,5526.455,5222.969956054688,58.08545566085377,44.524453542486356,65.39242277653837,42.8203125
2024-09-27,5738.169921875,5763.77978515625,5727.33984375,5755.35986328125,3898530000.0,5530.3266015625,5228.548605957031,59.038113912317385,47.42718561645256,64.32996920025292,19.60009765625
2024-09-30,5762.47998046875,5765.14013671875,5703.52978515625,5726.52001953125,4425730000.0,5535.476201171875,5234.142504882812,61.0509634967284,50.151941192507735,66.31965922359696,29.5498046875
2024-10-01,5708.75,5757.72998046875,5681.27978515625,5757.72998046875,4025180000.0,5538.362998046875,5239.150805664062,57.64609263804232,51.650771481614655,58.54648937484407,-13.509765625
2024-10-02,5709.5400390625,5719.6298828125,5674.0,5698.14013671875,3829050000.0,5541.438994140625,5244.100756835937,54.384546304877404,52.197526446267204,58.62328358043099,-35.830078125
2024-10-03,5699.93994140625,5718.77978515625,5677.3701171875,5698.18994140625,3597450000.0,5546.8951953125,5249.004506835938,50.443617070646724,51.84674457114311,57.23574130002781,-38.22998046875
2024-10-04,5751.06982421875,5753.2099609375,5702.830078125,5737.47998046875,3479400000.0,5553.9321875,5254.057055664062,50.85987550669779,51.64937075825405,62.34732783566907,-11.41015625
2024-10-07,5695.93994140625,5739.33984375,5686.85009765625,5737.7998046875,3637790000.0,5558.668984375,5258.694904785156,46.2085787805936,50.56121236272196,54.748540794930896,-12.81005859375
2024-10-08,5751.1298828125,5757.60009765625,5714.56005859375,5719.14013671875,3393400000.0,5564.42078125,5263.958803710938,46.44042335202903,49.737054560583374,60.00389161074117,41.58984375
2024-10-09,5792.0400390625,5796.7998046875,5745.02001953125,5751.7998046875,3650340000.0,5571.532783203125,5269.18525390625,49.35632061338674,49.66090777114405,63.39731434160015,92.10009765625
2024-10-10,5780.0498046875,5795.02978515625,5764.759765625,5778.35986328125,3208790000.0,5576.687783203125,5274.312353515625,50.121904379540865,49.75310709282342,61.743848817854435,28.97998046875
2024-10-11,5815.02978515625,5822.1298828125,5775.08984375,5775.08984375,3208720000.0,5584.054775390625,5279.513752441406,52.94095671942432,50.390677018143606,64.64118295455711,119.08984375
2024-10-14,5859.85009765625,5871.41015625,5829.56982421875,5829.81005859375,3005250000.0,5594.320576171875,5284.905102539063,58.12170975814297,51.93688356614348,67.98673143248645,108.72021484375
2024-10-15,5815.259765625,5870.35986328125,5804.47998046875,5866.740234375,3882120000.0,5606.899169921875,5290.064650878906,57.96128511352708,53.14176387562021,61.72909901919823,23.2197265625
2024-10-16,5842.47021484375,5846.52001953125,5808.33984375,5816.580078125,3467230000.0,5618.947978515625,5295.4278515625,59.345702949429324,54.38255169038204,63.91197323245153,62.42041015625
2024-10-17,5841.47021484375,5878.4599609375,5840.25,5875.6201171875,3480010000.0,5631.7873828125,5300.9210522460935,59.67428441118318,55.44089823454227,63.76802313807569,26.4404296875
2024-10-18,5864.669921875,5872.169921875,5846.10986328125,5859.43017578125,3374490000.0,5642.694580078125,5306.7203515625,61.10236008415268,56.57319060446435,65.6982703198621,4.81982421875
2024-10-21,5853.97998046875,5866.919921875,5824.7900390625,5857.81982421875,3407010000.0,5652.8909765625,5312.546850585937,60.67214074043477,57.39298063165844,64.00619225084435,38.72021484375
2024-10-22,5851.2001953125,5863.0400390625,5821.169921875,5832.7001953125,3342080000.0,5663.027177734375,5318.316650390625,59.42190465251679,57.79876543583011,63.547852073911365,8.72998046875
2024-10-23,5797.419921875,5834.85009765625,5762.41015625,5834.5,3532650000.0,5670.28697265625,5323.486049804687,53.4750379885927,56.934019946382634,55.29757590651307,-44.05029296875
2024-10-24,5809.85986328125,5817.7998046875,5784.919921875,5817.7998046875,3543030000.0,5677.379970703125,5328.752849121094,49.19876982574715,55.38696992225554,56.69798751721101,-54.81005859375
2024-10-25,5808.1201171875,5862.81982421875,5799.97998046875,5826.75,3501280000.0,5682.67796875,5333.876198730469,45.148964370731846,53.339368811950806,56.43173101512468,-45.85986328125
2024-10-28,5823.52001953125,5842.919921875,5823.080078125,5833.93017578125,3691280000.0,5688.063369140625,5339.09259765625,42.69000399470042,51.20949584850073,58.298543016867214,-27.68017578125
2024-10-29,5832.919921875,5847.18994140625,5802.169921875,5819.68017578125,3879100000.0,5692.556767578125,5344.338046875,41.02682207514954,49.172961093830494,59.44091741107512,35.5
2024-10-30,5813.669921875,5850.93994140625,5811.27978515625,5832.64990234375,3851120000.0,5696.887763671875,5349.576496582031,37.72060465014329,46.88248980509306,56.05435806197005,3.81005859375
2024-10-31,5705.4501953125,5775.33984375,5702.85986328125,5775.33984375,4425660000.0,5698.579765625,5354.407697753906,26.067486262030798,42.71948909648061,41.67820777335649,-102.669921875
2024-11-01,5728.7998046875,5772.52001953125,5723.22021484375,5723.22021484375,3796450000.0,5701.742958984375,5359.146997070313,18.503131734170893,37.876217624018665,44.95827772675147,-94.72021484375
2024-11-04,5712.68994140625,5741.43017578125,5696.509765625,5725.14990234375,3602060000.0,5703.304560546875,5363.511396484375,11.080663945073866,32.517106888229705,43.154929588056376,-120.22998046875
2024-11-05,5782.759765625,5783.43994140625,5722.10009765625,5722.43017578125,3768310000.0,5706.622958984375,5368.1730444335935,10.728680413287293,28.159421593241223,52.14601068163067,-30.91015625
2024-11-06,5929.0400390625,5936.14013671875,5864.89013671875,5864.89013671875,6329530000.0,5712.687763671875,5373.495244140625,21.999727317434008,26.92748273807978,64.69896532401307,223.58984375
2024-11-07,5973.10009765625,5983.83984375,5947.2099609375,5947.2099609375,4925740000.0,5720.306162109375,5379.017995605469,34.09437298693683,28.360860787851195,67.46714325632163,244.30029296875
2024-11-08,5995.5400390625,6012.4501953125,5976.759765625,5976.759765625,4666740000.0,5728.377763671875,5384.524895019531,44.97177591155469,31.683043812591894,68.80867727772278,282.85009765625
2024-11-11,6001.35009765625,6017.31005859375,5986.68994140625,6008.85986328125,4333000000.0,5735.436767578125,5390.076794433594,53.44493927693475,36.035422905460464,69.16323889694641,218.59033203125
2024-11-12,5983.990234375,6009.919921875,5960.080078125,6003.60009765625,4243400000.0,5744.53796875,5395.3570947265625,58.089566047581684,40.44625153388471,66.72272015685658,54.9501953125
2024-11-13,5985.3798828125,6008.18994140625,5965.91015625,5985.75,4220180000.0,5753.844169921875,5400.659143066407,61.177384435010026,44.59247811410978,66.82364053555905,12.27978515625
2024-11-14,5949.169921875,5993.8798828125,5942.27978515625,5989.68017578125,4184570000.0,5762.759365234375,5406.176743164063,60.010893302682234,47.676161151824274,61.58282957153005,-46.3701171875
2024-11-15,5870.6201171875,5915.31982421875,5853.009765625,5912.7900390625,4590960000.0,5772.003369140625,5410.9988940429685,52.147009639289536,48.57033084931733,52.04686415243957,-130.72998046875
2024-11-18,5893.6201171875,5908.1201171875,5865.9501953125,5874.169921875,3983860000.0,5780.454775390625,5415.6739453125,47.22633714359017,48.3015321081719,54.279330978372215,-90.3701171875
2024-11-19,5916.97998046875,5923.509765625,5855.2900390625,5870.0498046875,4036940000.0,5788.883974609375,5420.544794921875,44.69638240565109,47.58050216766774,56.49465745397014,-68.39990234375
2024-11-20,5917.10986328125,5920.669921875,5860.56005859375,5914.33984375,3772620000.0,5796.14357421875,5425.359194335938,42.21522467401064,46.507446668936325,56.507275955894194,-32.06005859375
2024-11-21,5948.7099609375,5963.31982421875,5887.259765625,5940.580078125,4230120000.0,5803.202578125,5430.127443847657,42.31101800585566,45.66816093632019,59.579075786557055,78.08984375
2024-11-22,5969.33984375,5972.89990234375,5944.35986328125,5944.35986328125,4141420000.0,5810.068974609375,5434.984592285156,43.54958157561123,45.2444450641784,61.491255396778534,75.7197265625
2024-11-25,5987.3701171875,6020.75,5963.91015625,5992.27978515625,5633150000.0,5817.154580078125,5439.788393554688,45.4619870218512,45.287953455712966,63.13280052927167,70.39013671875
2024-11-26,6021.6298828125,6025.419921875,5992.27001953125,6000.02978515625,3835170000.0,5824.895576171875,5444.78734375,49.17519781139163,46.0654023268487,66.090672686982,104.52001953125
2024-11-27,5998.740234375,6020.16015625,5984.8701171875,6014.10986328125,3363340000.0,5832.505185546875,5450.0151953125,49.69805256816653,46.79193237511227,62.483679944712236,50.0302734375
2024-11-29,6032.3798828125,6044.169921875,6003.97998046875,6003.97998046875,2444420000.0,5838.87998046875,5455.173994140625,52.224841753609326,47.87851425081168,65.46659892645634,63.0400390625
2024-12-02,6047.14990234375,6053.580078125,6035.330078125,6040.10986328125,4412470000.0,5845.771982421875,5460.26109375,54.78760017485456,49.26033143562026,66.71785677589799,59.77978515625
2024-12-03,6049.8798828125,6052.06982421875,6033.39013671875,6042.97021484375,4095000000.0,5852.39818359375,5465.482644042969,56.38887544057616,50.68604023661144,66.95617700108173,28.25
2024-12-04,6086.490234375,6089.83984375,6061.06005859375,6069.39013671875,4003390000.0,5859.469384765625,5471.0375463867185,59.921311452146256,52.53309447971841,70.05310081518367,87.75
2024-12-05,6075.10986328125,6094.5498046875,6072.89990234375,6089.02978515625,4212020000.0,5866.52638671875,5476.504096679688,61.098189704989636,54.24611352477265,67.9220765358034,42.72998046875
2024-12-06,6090.27001953125,6099.97021484375,6079.97998046875,6081.3798828125,3924830000.0,5873.424384765625,5481.520297851563,62.53332684377074,55.903556188572274,69.26344520079085,43.1201171875
2024-12-09,6052.85009765625,6088.509765625,6048.6298828125,6083.009765625,4556460000.0,5879.71798828125,5486.340549316406,59.96002653975302,56.714850258808426,62.33468455146494,2.97021484375
2024-12-10,6034.91015625,6065.39990234375,6029.89013671875,6057.58984375,4048410000.0,5885.166591796875,5491.167451171875,55.82949648522663,56.53777950409207,59.273330047181815,-51.580078125
2024-12-11,6084.18994140625,6092.58984375,6060.14990234375,6060.14990234375,4269950000.0,5892.675390625,5496.1975,55.88824358904185,56.40787232108203,64.43966095041091,9.080078125
2024-12-12,6051.25,6079.68017578125,6051.25,6074.2900390625,3678010000.0,5899.50958984375,5501.104951171875,52.6696798278399,55.66023382243361,59.047719728734535,-39.02001953125
2024-12-13,6051.08984375,6078.580078125,6035.77001953125,6068.169921875,3584960000.0,5906.532587890625,5505.879050292969,49.535012794671275,54.435189616881146,59.02186079701033,-1.76025390625
2024-12-16,6074.080078125,6085.18994140625,6059.14013671875,6063.7900390625,4391100000.0,5912.99279296875,5510.564050292969,48.34855432515633,53.21786255853618,61.62019144454856,39.169921875
2024-12-17,6050.60986328125,6057.68017578125,6035.18994140625,6052.5498046875,4544500000.0,5920.08619140625,5515.162348632813,44.995744319337064,51.57343891069636,57.60452931402167,-33.580078125
2024-12-18,5872.16015625,6070.669921875,5867.7900390625,6047.64990234375,5246960000.0,5922.506796875,5519.129899902344,27.62082259354611,46.782915647266314,37.5615859216016,-179.08984375
2024-12-19,5867.080078125,5935.52001953125,5866.06982421875,5912.7099609375,4896880000.0,5924.00759765625,5522.941501464844,13.287976575123139,40.08392783283768,37.16514368299956,-184.009765625
2024-12-20,5930.85009765625,5982.06005859375,5832.2998046875,5842.0,8223220000.0,5927.023603515625,5526.8089526367185,6.994175964036003,33.465977459077344,45.01103654828461,-143.22998046875
2024-12-23,5974.06982421875,5978.25,5902.56982421875,5940.25,3593280000.0,5930.204404296875,5531.060852050781,5.431157365303079,27.859013440322492,49.603951278713694,-76.5400390625
2024-12-24,6040.0400390625,6040.10009765625,5981.43994140625,5984.6298828125,1757720000.0,5933.808203125,5535.671352539062,9.4072578539417,24.168662323046334,55.68790250716642,167.8798828125
2024-12-26,6037.58984375,6049.75,6007.3701171875,6024.97021484375,2904530000.0,5938.2548046875,5539.982951660157,12.219773905821967,21.77888463960146,55.42029667476749,170.509765625
2024-12-27,5970.83984375,6006.169921875,5932.9501953125,6006.169921875,3159610000.0,5940.822197265625,5544.010600585938,8.959269115633106,19.21496153480779,48.57236786761206,39.98974609375
2024-12-30,5906.93994140625,5940.7900390625,5869.16015625,5920.669921875,3433250000.0,5942.131591796875,5547.792900390625,1.2052145304778605,15.613012133941806,43.08403584437515,-67.1298828125
2024-12-31,5881.6298828125,5929.740234375,5868.85986328125,5919.740234375,3128350000.0,5942.470791015625,5551.6156005859375,-6.902670112441228,11.1098756846652,41.102956794592885,-158.41015625
2025-01-02,5868.5498046875,5935.08984375,5829.52978515625,5903.259765625,3621680000.0,5942.7621875,5555.21125,-14.219763513732687,6.043947844985623,40.077337552818,-169.0400390625
2025-01-03,5942.47021484375,5949.33984375,5888.66015625,5891.06982421875,3667340000.0,5944.587587890625,5559.031052246094,-13.893695556253988,2.056419164737701,47.97761064082424,-28.36962890625
2025-01-06,5975.3798828125,6021.0400390625,5960.009765625,5982.81005859375,4940120000.0,5948.146787109375,5562.784851074219,-10.854623836434257,-0.525789435496691,51.07050811629885,68.43994140625
2025-01-07,5909.02978515625,6000.68017578125,5890.68017578125,5993.259765625,4517330000.0,5950.130185546875,5566.122351074218,-13.642770605890291,-3.1491856695754112,45.23173946262511,27.39990234375
2025-01-08,5918.25,5927.89013671875,5874.77978515625,5910.66015625,4441740000.0,5952.332783203125,5569.542700195312,-14.936227197204971,-5.506593975101324,46.15302980414815,49.7001953125
2025-01-10,5827.0400390625,5890.35009765625,5807.77978515625,5890.35009765625,4751930000.0,5952.40318359375,5572.586950683593,-23.055413978038814,-9.016357975688823,39.13906024254886,-115.43017578125
2025-01-13,5836.22021484375,5838.60986328125,5773.31005859375,5782.02001953125,4421200000.0,5952.469189453125,5575.750151367188,-28.421538727162442,-12.897394125983547,40.12534002554183,-139.15966796875
2025-01-14,5842.91015625,5871.919921875,5805.419921875,5859.27001953125,4142280000.0,5953.053994140625,5578.7222509765625,-31.76820480045444,-16.67155626087773,40.877260697700194,-66.11962890625
2025-01-15,5949.91015625,5960.60986328125,5905.2099609375,5905.2099609375,4544570000.0,5957.943193359375,5582.200051269531,-25.492593264709285,-18.435763661644042,51.39168858380557,31.66015625
2025-01-16,5937.33984375,5964.68994140625,5930.72021484375,5963.60986328125,4285810000.0,5962.113994140625,5585.667900390625,-21.288049688102546,-19.006220866935745,50.26083143442318,110.2998046875
2025-01-17,5996.66015625,6014.9599609375,5978.43994140625,5995.39990234375,4366830000.0,5967.7933984375,5589.622150878906,-13.019188057563042,-17.808814305061205,55.26367790982589,160.43994140625
2025-01-21,6049.240234375,6051.509765625,6006.8798828125,6014.1201171875,4702920000.0,5973.1230078125,5593.810900878906,-2.197946211043927,-14.68664068625775,59.18259870162344,206.330078125
2025-01-22,6086.3701171875,6100.81005859375,6076.1298828125,6081.39013671875,4323040000.0,5976.269609375,5598.506701660156,9.26721051655477,-9.895870445695246,61.731949403763394,136.4599609375
2025-01-23,6118.7099609375,6118.72998046875,6074.669921875,6076.31982421875,4432250000.0,5979.181806640625,5603.078552246094,20.72409052516832,-3.771878251522533,63.849793730546224,181.3701171875
2025-01-24,6101.240234375,6128.18017578125,6088.740234375,6121.43017578125,4214250000.0,5981.295810546875,5607.572802734375,28.07051017336744,2.596599433455461,61.85825732729351,104.580078125
2025-01-27,6012.27978515625,6017.169921875,5962.919921875,5969.0400390625,5198750000.0,5981.514404296875,5611.584650878906,26.409800157516656,7.3592395782677,52.82287865227514,-36.96044921875
2025-01-28,6067.7001953125,6074.5400390625,5994.6298828125,6026.97021484375,4473640000.0,5983.188603515625,5616.119951171875,29.228709073146092,11.73313347724338,57.03341098870337,-18.669921875
2025-01-29,6039.31005859375,6062.830078125,6012.9599609375,6057.7001953125,4115310000.0,5984.26720703125,5620.321201171875,28.83942499160912,15.154391780116528,54.357054758817824,-79.39990234375
2025-01-30,6071.169921875,6086.64013671875,6027.4599609375,6050.75,4634620000.0,5986.70720703125,5625.06,30.747303480173287,18.27297412012788,56.80664059603957,-30.0703125
2025-01-31,6040.52978515625,6120.91015625,6030.93017578125,6096.7900390625,4843770000.0,5990.105400390625,5629.953549804687,29.44745602236526,20.507870500575358,53.81536278994547,28.25
2025-02-03,5994.56982421875,6022.1298828125,5923.93017578125,5969.64990234375,4797210000.0,5992.12439453125,5634.669348144531,24.427151802317894,21.291726760923865,49.59661722779393,-73.13037109375
2025-02-04,6037.8798828125,6042.47998046875,5990.8701171875,5998.14013671875,4410160000.0,5994.542392578125,5639.747697753906,23.670426368991684,21.76746668253743,53.31099033727914,-1.43017578125
2025-02-05,6061.47998046875,6062.85986328125,6007.06005859375,6020.4501953125,4756250000.0,5997.429794921875,5644.999497070313,24.690430741454293,22.352059494320805,55.246359952468026,-9.68994140625
2025-02-06,6083.56982421875,6084.02978515625,6046.830078125,6072.22021484375,4847120000.0,6000.1269921875,5650.581196289062,26.970359813994037,23.275719558255453,57.0413554099584,43.0400390625
2025-02-07,6025.990234375,6101.27978515625,6019.9599609375,6083.1298828125,4766900000.0,6001.26,5655.658146972656,23.856030868317248,23.391781820267813,51.269031305956126,31.42041015625
2025-02-10,6066.43994140625,6073.3798828125,6044.83984375,6046.39990234375,4458760000.0,6002.841396484375,5660.63759765625,24.37092321401724,23.5876100990177,54.73448302561301,28.56005859375
2025-02-11,6068.5,6076.27978515625,6042.33984375,6049.31982421875,4324880000.0,6003.778798828125,5665.6219482421875,24.660932737768235,23.802274626767808,54.910348488881866,7.02001953125
2025-02-12,6051.97021484375,6063.0,6003.0,6025.080078125,4627960000.0,6004.8433984375,5670.6396997070315,23.28849656598777,23.699519014611802,53.12674383743718,-31.599609375
2025-02-13,6115.06982421875,6116.91015625,6050.9501953125,6060.58984375,4763800000.0,6006.497197265625,5675.7152490234375,26.981417161419813,24.355898643973404,58.64852898910059,89.07958984375
2025-02-14,6114.6298828125,6127.47021484375,6107.6201171875,6115.52001953125,4335190000.0,6007.846796875,5680.707548828125,29.532155439833332,25.39115000314539,58.59669908638216,48.18994140625
2025-02-18,6129.580078125,6129.6298828125,6099.509765625,6121.60009765625,4684980000.0,6009.44080078125,5686.176999511718,32.38665650409075,26.790251303334465,59.89379340595,61.080078125
2025-02-19,6144.14990234375,6147.43017578125,6111.14990234375,6117.759765625,4562330000.0,6010.593994140625,5691.805798339844,35.41627543508548,28.51545612968467,61.17049833853958,92.1796875
2025-02-20,6117.52001953125,6134.5,6084.58984375,6134.5,4813690000.0,6011.442197265625,5697.072397460937,35.26198308617768,29.864761520983272,57.56365766442461,2.4501953125
2025-02-21,6013.1298828125,6114.81982421875,6008.56005859375,6114.10009765625,5434560000.0,6009.89939453125,5701.499096679688,26.41183449238997,29.174176115264615,46.090747650193215,-101.5
2025-02-24,5983.25,6043.64990234375,5977.830078125,6026.68994140625,4990120000.0,6008.507392578125,5705.511645507812,16.793387426831032,26.6980183775779,43.422974587962365,-146.330078125
2025-02-25,5955.25,5992.64990234375,5908.490234375,5982.72998046875,5374690000.0,6006.914189453125,5709.34939453125,6.832571208210538,22.724928943704427,41.026549031480904,-188.89990234375
2025-02-26,5956.06005859375,6009.81982421875,5932.68994140625,5970.8701171875,4869580000.0,6004.351591796875,5713.191345214844,-0.9847310833238225,17.98299693829878,41.127776387446104,-161.4599609375
2025-02-27,5861.56982421875,5993.68994140625,5858.77978515625,5981.8798828125,5057680000.0,6000.55798828125,5716.4287939453125,-14.63585862844775,11.459225824949474,33.83265378245437,-151.56005859375
2025-02-28,5954.5,5959.39990234375,5837.66015625,5856.740234375,6441140000.0,5998.62619140625,5720.087893066407,-17.75116266981695,5.61714812599619,44.29737256782629,-28.75
2025-03-03,5849.72021484375,5986.08984375,5810.91015625,5968.330078125,5613850000.0,5994.138994140625,5723.22939453125,-28.348136872302348,-1.175908873663518,37.16101170174346,-105.52978515625
2025-03-04,5778.14990234375,5865.080078125,5732.58984375,5811.97998046875,6138110000.0,5988.689794921875,5725.886743164063,-42.03686652527722,-9.348100403986258,33.223804333446964,-177.91015625
2025-03-05,5842.6298828125,5860.58984375,5742.35009765625,5781.35986328125,5285970000.0,5988.099189453125,5728.559143066406,-47.138899959299124,-16.906260315048833,39.44829478543655,-18.93994140625
2025-03-06,5738.52001953125,5812.080078125,5711.64013671875,5785.8701171875,5165080000.0,5985.52798828125,5730.7662426757815,-58.904084478939694,-25.305825147827008,33.9462338808727,-215.97998046875
2025-03-07,5770.2001953125,5783.009765625,5666.2900390625,5726.009765625,5705140000.0,5982.314990234375,5733.100893554688,-64.9233565105933,-33.22933142038027,36.83335725917361,-79.52001953125
2025-03-10,5614.56005859375,5705.3701171875,5564.02001953125,5705.3701171875,6409370000.0,5975.124794921875,5734.633044433594,-81.31518047295049,-42.84650123089432,29.9153559719239,-163.58984375
2025-03-11,5572.06982421875,5636.2998046875,5528.41015625,5603.64990234375,6221240000.0,5965.765390625,5735.886342773438,-96.62064323721461,-53.60132963215838,28.349892439829304,-270.56005859375
2025-03-12,5599.2998046875,5642.18994140625,5546.08984375,5624.83984375,5219830000.0,5956.99958984375,5737.34779296875,-105.33882054233891,-63.948827814194495,30.847363192206032,-139.22021484375
2025-03-13,5521.52001953125,5597.77978515625,5504.64990234375,5594.4501953125,5018980000.0,5948.013193359375,5738.616193847656,-117.17351416374913,-74.59376508410543,27.86011962879894,-248.68017578125
2025-03-14,5638.93994140625,5645.27001953125,5563.85009765625,5563.85009765625,4863180000.0,5942.653193359375,5740.287292480469,-115.74356794361393,-82.82372565600713,37.67284455915905,24.3798828125
2025-03-17,5675.1201171875,5703.52001953125,5631.1201171875,5635.60009765625,5031770000.0,5938.522998046875,5742.132692871094,-110.41805682057566,-88.34259188892084,40.364578134426175,103.05029296875
2025-03-18,5614.66015625,5654.52978515625,5597.759765625,5654.52978515625,4666270000.0,5933.445205078125,5743.871242675781,-109.81033921411472,-92.63614135395962,37.45365433775744,15.3603515625
2025-03-19,5675.2900390625,5715.330078125,5622.2001953125,5632.3701171875,4660090000.0,5928.1016015625,5746.07029296875,-103.24623546088606,-94.75816017534491,41.97288923653543,153.77001953125
2025-03-20,5662.89013671875,5711.14990234375,5632.330078125,5646.919921875,4678420000.0,5921.851806640625,5747.997194824219,-97.91598985303244,-95.38972611088242,41.3153962612704,23.9501953125
2025-03-21,5667.56005859375,5670.83984375,5603.10009765625,5630.72998046875,9367460000.0,5917.022412109375,5749.917995605469,-92.25149038274321,-94.76207896525459,41.68588242443316,-7.56005859375
2025-03-24,5767.56982421875,5775.14013671875,5718.080078125,5718.080078125,4517990000.0,5914.00880859375,5752.299145507813,-78.78420618513428,-91.56650440923053,49.097371958077545,152.90966796875
2025-03-25,5776.64990234375,5786.9501953125,5760.419921875,5775.9599609375,4467340000.0,5913.001005859375,5754.41224609375,-66.61075271908612,-86.57535407120166,49.7221707325197,101.35986328125
2025-03-26,5712.2001953125,5783.6201171875,5694.41015625,5771.66015625,4183140000.0,5910.52060546875,5756.208447265625,-61.455337000668806,-81.5513506570951,45.45717633220771,49.31005859375
2025-03-27,5693.31005859375,5732.27978515625,5670.93994140625,5695.64013671875,4403460000.0,5907.528603515625,5757.940046386719,-58.222753403965726,-76.88563120646923,44.25887083485819,25.75
2025-03-28,5580.93994140625,5685.89013671875,5572.419921875,5679.2001953125,4513330000.0,5900.14919921875,5759.040795898438,-63.99059322886842,-74.30662361094907,37.86450101286598,-186.6298828125
2025-03-31,5611.85009765625,5627.56005859375,5488.72998046875,5527.91015625,5257250000.0,5893.639404296875,5760.223447265625,-65.31455107483089,-72.50820910372545,40.414686101858045,-164.7998046875
2025-04-01,5633.06982421875,5650.56982421875,5558.52001953125,5597.52978515625,4434500000.0,5886.36759765625,5761.283647460938,-63.914772897025614,-70.78952186238548,42.16942572528707,-79.13037109375
2025-04-02,5670.97021484375,5695.31005859375,5571.47998046875,5580.759765625,4243830000.0,5878.802197265625,5762.469797363281,-59.06631412783918,-68.44488031547623,45.2696307497846,-22.33984375
2025-04-03,5396.52001953125,5499.52978515625,5390.830078125,5492.740234375,7210470000.0,5865.0051953125,5762.294396972657,-76.48800658001073,-70.05350556838313,31.923660857791674,-184.419921875
2025-04-04,5074.080078125,5292.14013671875,5069.89990234375,5292.14013671875,8853500000.0,5844.11259765625,5760.298647460938,-114.98752725637041,-79.04030990598059,23.250964601477705,-537.77001953125
2025-04-07,5062.25,5246.56982421875,4835.0400390625,4953.7900390625,8691980000.0,5823.33279296875,5758.174748535156,-144.78428014660767,-92.18910395410602,23.004037376711793,-570.81982421875
2025-04-08,4982.77001953125,5267.47021484375,4910.419921875,5193.56982421875,7408140000.0,5802.74259765625,5755.722749023437,-172.81963449804334,-108.31521006289348,21.362555730292257,-688.2001953125
2025-04-09,5456.89990234375,5481.33984375,4948.43017578125,4965.27978515625,9489600000.0,5790.526591796875,5755.684147949219,-154.9928743553155,-117.6507429213779,46.080099373912866,60.3798828125
2025-04-10,5268.0498046875,5353.14990234375,5115.27001953125,5353.14990234375,6677140000.0,5775.10138671875,5754.785046386719,-154.3247039784028,-124.98553513278289,40.60535551242859,193.9697265625
2025-04-11,5363.35986328125,5381.4599609375,5220.77001953125,5255.56005859375,5602550000.0,5760.945185546875,5754.255346679687,-144.43944098640986,-128.87631630350828,44.20805553422363,301.10986328125
2025-04-14,5405.97021484375,5459.4599609375,5358.02001953125,5441.9599609375,5031440000.0,5748.253994140625,5753.895698242188,-131.64942693941884,-129.4309384306904,45.7911685684858,423.2001953125
2025-04-15,5396.6298828125,5450.41015625,5386.43994140625,5411.990234375,4317110000.0,5736.2951953125,5753.464497070312,-120.87358000550103,-127.71946674565253,45.486481060817766,-60.27001953125
2025-04-16,5275.7001953125,5367.240234375,5220.7900390625,5335.75,4607750000.0,5721.0516015625,5752.540598144531,-120.70030086917814,-126.31563357035765,41.62476763164019,7.650390625
2025-04-17,5282.7001953125,5328.31005859375,5255.580078125,5305.4501953125,4714880000.0,5705.476005859375,5751.578649902343,-118.63063429947579,-124.77863371618129,41.93208262189264,-80.65966796875
2025-04-21,5158.2001953125,5232.93994140625,5101.6298828125,5232.93994140625,4226340000.0,5686.96861328125,5749.824602050781,-125.58880853347546,-124.94066867964013,38.09116194223139,-247.77001953125
2025-04-22,5287.759765625,5309.60986328125,5207.669921875,5207.669921875,4666950000.0,5672.20400390625,5748.57830078125,-119.2739216715554,-123.80731927802319,43.854675664102636,-108.8701171875
2025-04-23,5375.85986328125,5469.68994140625,5356.169921875,5395.919921875,5371390000.0,5658.39240234375,5747.621650390625,-105.93918575107364,-120.23369257263329,47.438092812652116,100.15966796875
2025-04-24,5484.77001953125,5489.39990234375,5371.9599609375,5381.3798828125,4697710000.0,5646.717802734375,5747.18125,-85.59646923786295,-113.30624790567923,51.55446123054994,202.06982421875
2025-04-25,5525.2099609375,5528.10986328125,5455.85986328125,5489.72998046875,4236580000.0,5636.18259765625,5746.922399902343,-65.45700690891863,-103.73639970632712,53.02552624099054,367.009765625
2025-04-28,5528.75,5553.66015625,5468.64013671875,5529.22021484375,4257880000.0,5624.456201171875,5746.3965991210935,-48.64988080679541,-92.71909592642078,53.1596114223149,240.990234375
2025-04-29,5560.830078125,5571.9501953125,5505.7001953125,5508.8701171875,4747150000.0,5613.380205078125,5746.278049316406,-32.36839536858679,-80.64895581485399,54.42907075327131,184.97021484375
2025-04-30,5569.06005859375,5581.83984375,5433.240234375,5499.43994140625,5449490000.0,5602.1698046875,5746.046599121094,-18.58685254777083,-68.23653516143736,54.76775462837959,84.2900390625
2025-05-01,5604.14013671875,5658.91015625,5597.35009765625,5625.14013671875,4935270000.0,5591.369609375,5745.911198730469,-4.779120714678356,-55.54505227208556,56.259972106633654,78.93017578125
2025-05-02,5686.669921875,5700.7001953125,5642.27978515625,5645.8798828125,4854380000.0,5582.752607421875,5746.008547363282,12.676938320462796,-41.90065415357589,59.63389868513201,157.919921875
2025-05-05,5650.3798828125,5683.3798828125,5634.47998046875,5655.31982421875,4358260000.0,5575.497607421875,5746.319096679687,23.313939424826458,-28.857735437895425,57.532393720236996,89.5498046875
2025-05-06,5606.91015625,5649.580078125,5586.0400390625,5605.8701171875,4717260000.0,5567.970810546875,5746.6306982421875,27.914415784515768,-17.503305193413187,55.03074257985594,37.85009765625
2025-05-07,5631.27978515625,5654.72998046875,5578.64013671875,5614.18017578125,4987440000.0,5561.49140625,5747.262097167969,33.14468058551665,-7.373708037627219,56.18107332828757,27.1396484375
2025-05-08,5663.93994140625,5720.10009765625,5635.3798828125,5663.60009765625,5627400000.0,5555.64900390625,5747.75974609375,39.470117830340314,1.9950571359662876,57.74126352870652,-22.72998046875
2025-05-09,5659.91015625,5691.68994140625,5644.14990234375,5679.64990234375,4645090000.0,5551.615810546875,5748.280595703125,43.654678476010304,10.326981403975092,57.46936894399983,9.5302734375
2025-05-12,5844.18994140625,5845.3701171875,5786.080078125,5807.2001953125,6014580000.0,5549.409609375,5750.365895996094,61.13607291484277,20.48879970614863,65.4754919803332,237.27978515625
2025-05-13,5886.5498046875,5906.64013671875,5845.02001953125,5854.14990234375,5516290000.0,5550.146201171875,5752.802543945312,77.51474912821777,31.89398959056246,67.01268680215759,255.27001953125
2025-05-14,5892.580078125,5906.5498046875,5872.10986328125,5896.740234375,5233450000.0,5552.4348046875,5754.969943847656,89.94473379606734,43.504138431663435,67.23633276266612,228.64013671875
2025-05-15,5916.93017578125,5924.2099609375,5865.16015625,5869.81982421875,4991290000.0,5553.920810546875,5757.23689453125,100.6007724936444,54.92346524405963,68.17462060811039,257.02001953125
2025-05-16,5958.3798828125,5958.6201171875,5907.35986328125,5929.08984375,4850850000.0,5558.3180078125,5759.846594238281,111.10960254701695,66.1606927046511,69.76207414707247,114.18994140625
2025-05-19,5963.60009765625,5968.60986328125,5895.68994140625,5902.8798828125,4144010000.0,5562.186005859375,5762.053095703125,118.49323750460826,76.62720166464253,69.96526438587475,77.05029296875
2025-05-20,5940.4599609375,5953.06005859375,5909.259765625,5944.66015625,4416850000.0,5568.70400390625,5764.521994628906,121.08184957068897,85.51813124585182,67.7906470252419,47.8798828125
2025-05-21,5844.60986328125,5938.3701171875,5830.91015625,5910.18017578125,5254250000.0,5574.1548046875,5767.012243652343,114.08395266332263,91.23129552934599,59.53611953474196,-72.3203125
2025-05-22,5842.009765625,5878.080078125,5825.81982421875,5841.259765625,5157050000.0,5579.00900390625,5770.2906420898435,107.09375267883843,94.40378695924447,59.325090296037864,-116.3701171875
2025-05-23,5802.81982421875,5829.509765625,5767.41015625,5781.89013671875,4662820000.0,5584.635,5773.104592285156,97.27039551125017,94.97710866964562,56.09752213714251,-160.7802734375
2025-05-27,5921.5400390625,5924.330078125,5854.06982421875,5854.06982421875,5366380000.0,5590.287001953125,5776.7147924804685,97.93609697134434,95.56890632998537,62.715173504066826,-18.919921875
2025-05-28,5888.5498046875,5939.919921875,5881.8798828125,5925.5400390625,4665050000.0,5594.555595703125,5779.560991210938,94.70987745892398,95.3971005557731,60.00827838467678,43.93994140625
2025-05-29,5912.169921875,5943.1298828125,5873.7998046875,5939.9599609375,4569750000.0,5600.505791015625,5782.4010400390625,92.98712362843617,94.91510517030571,61.29632716530521,70.16015625
2025-05-30,5911.68994140625,5922.14013671875,5843.66015625,5903.669921875,6378540000.0,5605.2337890625,5785.2375390625,90.53941636056425,94.03996740835743,61.25315370340375,108.8701171875
2025-06-02,5935.93994140625,5937.39990234375,5861.43017578125,5896.68017578125,4832240000.0,5610.69478515625,5787.745087890625,89.52438170498954,93.13685026768385,62.68323035070618,14.39990234375
2025-06-03,5970.3701171875,5981.35009765625,5929.0,5938.56005859375,5026680000.0,5616.750986328125,5790.320888671875,90.45547248781531,92.60057471171015,64.67664254874296,81.8203125
2025-06-04,5970.81005859375,5990.47998046875,5966.10986328125,5978.93994140625,4767050000.0,5620.815791015625,5792.458837890625,90.18922301402927,92.11830437217398,64.70258889366139,58.64013671875
2025-06-05,5939.2998046875,5999.7001953125,5921.2001953125,5985.669921875,5091850000.0,5624.0687890625,5794.384086914062,86.43918709744048,90.98248091722728,61.23327598992512,27.60986328125
2025-06-06,6000.35986328125,6016.8701171875,5978.6298828125,5987.06005859375,4355710000.0,5629.831982421875,5796.3446362304685,87.3869506734336,90.26337486846855,65.13455509673308,64.419921875
2025-06-09,6005.8798828125,6021.31005859375,5994.18017578125,6004.6298828125,4642360000.0,5636.08337890625,5798.388435058594,87.5739812363372,89.72549614204227,65.47283555662216,35.509765625
2025-06-10,6038.81005859375,6043.009765625,6000.27978515625,6009.91015625,4882880000.0,5645.24078125,5800.478234863282,89.34942967430925,89.65028284849568,67.49874465909862,68.0
2025-06-11,6022.240234375,6059.39990234375,6002.31982421875,6049.3798828125,5111550000.0,5653.448583984375,5802.736235351563,88.40041407208719,89.40030909321399,65.41871472050761,82.9404296875
2025-06-12,6045.259765625,6045.43017578125,6003.8798828125,6009.89990234375,4669500000.0,5661.6923828125,5804.789484863281,88.48578708661898,89.217404691895,66.94277968503954,44.89990234375
2025-06-13,5976.97021484375,6026.16015625,5963.2099609375,6000.56005859375,5258910000.0,5667.8123828125,5806.59013671875,82.09669024552113,87.79326180262022,58.68052123935296,-28.90966796875
2025-06-16,6033.10986328125,6050.830078125,6004.0,6004.0,5111710000.0,5680.5441796875,5808.626687011719,80.63378928815928,86.36136729972803,62.750698158028875,-5.7001953125
2025-06-17,5982.72021484375,6023.25,5974.7998046875,6012.14990234375,4955700000.0,5698.716982421875,5810.579387207032,74.54905117796898,83.99890407537622,57.29521603011007,-39.52001953125
2025-06-18,5980.8701171875,6018.25,5971.89013671875,5987.93017578125,5106470000.0,5717.089384765625,5812.523937988281,68.78465824523573,80.95605490934813,57.09893397986951,-64.3896484375
2025-06-20,5967.83984375,6018.2001953125,5952.56005859375,5999.669921875,7451500000.0,5736.79078125,5814.121137695312,62.445073214657896,77.25385857041009,55.65285104857108,-9.13037109375
2025-06-23,6025.169921875,6028.77001953125,5943.22998046875,5969.669921875,5597000000.0,5748.156181640625,5816.602336425782,61.339876665463635,74.0710621894208,60.40430824870207,-7.93994140625
2025-06-24,6092.18017578125,6101.759765625,6059.25,6061.2099609375,5443690000.0,5764.6387890625,5819.462888183593,65.12049931983529,72.2809496155037,65.10982838211783,109.4599609375
2025-06-25,6092.16015625,6108.509765625,6080.08984375,6104.22998046875,5171110000.0,5779.214794921875,5822.406638183594,67.33881466398907,71.29252262520077,65.10733902508922,111.2900390625
2025-06-26,6141.02001953125,6146.52001953125,6107.27001953125,6112.08984375,5308140000.0,5793.915791015625,5826.069638671875,72.20707002826566,71.47543210581375,68.29352691363624,173.18017578125
2025-06-27,6173.06982421875,6187.68017578125,6132.35009765625,6150.7001953125,7889350000.0,5809.44458984375,5829.579738769531,77.75503719724838,72.73135312410068,70.21482716376902,147.89990234375
2025-06-30,6204.9501953125,6215.080078125,6174.97021484375,6193.35986328125,5782900000.0,5828.02958984375,5833.126889648437,83.75880133772262,74.93684276682507,72.03040999903362,112.77001953125
2025-07-01,6198.009765625,6210.77978515625,6177.97021484375,6187.25,6275310000.0,5846.33578125,5836.3462890625,86.95443638623965,77.34036149070799,71.01552479835748,105.849609375
2025-07-02,6227.419921875,6227.60009765625,6188.2900390625,6193.8798828125,5645710000.0,5867.72017578125,5839.50458984375,90.81331464207233,80.03495212098086,72.76657634306312,86.39990234375
2025-07-03,6279.35009765625,6284.64990234375,6246.4599609375,6246.4599609375,3378110000.0,5887.551982421875,5842.771240234375,96.94432086332836,83.41682586945036,75.57275386657233,106.2802734375
2025-07-07,6229.97998046875,6262.06982421875,6201.0,6259.0400390625,5236740000.0,5904.634384765625,5845.755690917968,96.70468025404625,86.07439674636954,68.36085790515853,25.02978515625
2025-07-08,6225.52001953125,6242.7001953125,6217.75,6234.02978515625,5739030000.0,5919.449384765625,5848.710390625,95.05909964202692,87.87133732550102,67.73203276578559,27.51025390625
2025-07-09,6263.259765625,6269.16015625,6231.43017578125,6243.330078125,4813340000.0,5934.210380859375,5851.935390625,95.69711053590618,89.43649196758206,70.22770372142654,35.83984375
2025-07-10,6280.4599609375,6290.22021484375,6251.43994140625,6266.7998046875,5367350000.0,5949.244580078125,5854.769489746093,96.47850661118537,90.84489489630272,71.31654908261427,1.10986328125
2025-07-11,6259.75,6269.43994140625,6237.60009765625,6255.68017578125,4656210000.0,5963.222978515625,5857.555490722656,94.33916469667565,91.5437488563773,68.08766184029426,29.77001953125
2025-07-14,6268.56005859375,6273.31005859375,6239.22021484375,6255.14990234375,4722250000.0,5977.212978515625,5860.305441894531,92.29074861504614,91.69314880811108,68.73613122523966,43.0400390625
2025-07-15,6243.759765625,6302.0400390625,6241.68017578125,6295.2900390625,5133670000.0,5990.00537109375,5862.85958984375,87.65574684856983,90.88566841620283,64.74756340901783,-19.5
2025-07-16,6263.7001953125,6268.1201171875,6201.58984375,6254.5,5177460000.0,6001.5459765625,5865.566791992187,84.61609886587758,89.63175450613778,66.4340881991528,-16.759765625
2025-07-17,6297.35986328125,6304.68994140625,6262.27001953125,6263.39990234375,5512290000.0,6014.485576171875,5868.326740722656,83.95542397248937,88.49648839940811,69.11971059312333,37.60986328125
2025-07-18,6296.7900390625,6315.60986328125,6285.27001953125,6312.9501953125,5184700000.0,6028.283173828125,5871.119841308594,82.43558816138739,87.28430835180397,69.01903339033554,28.22998046875
2025-07-21,6305.60009765625,6336.080078125,6303.7900390625,6304.740234375,5010840000.0,6041.769580078125,5873.835441894531,81.00819340334328,86.02908536211184,69.7526004812955,61.84033203125
2025-07-22,6309.6201171875,6316.1201171875,6281.7099609375,6306.60009765625,5662040000.0,6054.68318359375,5876.8397924804685,79.28737920049298,84.68074412978807,70.10049130741672,45.919921875
2025-07-23,6358.91015625,6360.64013671875,6317.490234375,6326.89990234375,5642510000.0,6068.66318359375,5880.086643066406,80.96757199583226,83.93810970299691,74.04262532518682,61.55029296875
2025-07-24,6363.35009765625,6381.31005859375,6360.56982421875,6368.60009765625,5282720000.0,6079.04638671875,5883.4036938476565,81.71543834942167,83.49357543228187,74.37042721780116,66.56005859375
2025-07-25,6388.64013671875,6395.81982421875,6368.52978515625,6370.009765625,4470720000.0,6089.088193359375,5886.591545410156,83.38758247360784,83.47237684054707,76.21308922453298,83.0400390625
2025-07-28,6389.77001953125,6401.06982421875,6375.7900390625,6397.68994140625,4565620000.0,6099.0319921875,5890.060695800781,83.83751416308678,83.54540430505502,76.29508872790296,80.14990234375
2025-07-29,6370.85986328125,6409.259765625,6363.919921875,6405.6201171875,5076120000.0,6108.1105859375,5893.159345703125,81.72610898631865,83.18154524130775,71.8319803861365,11.94970703125
2025-07-30,6362.89990234375,6396.5400390625,6336.3798828125,6381.22998046875,5375070000.0,6116.200986328125,5896.013645019531,78.50553985296574,82.24634416363935,69.97634517127642,-0.4501953125
2025-07-31,6339.39013671875,6427.02001953125,6327.64013671875,6427.02001953125,6077080000.0,6123.716787109375,5898.810346679687,73.21222900229986,80.43952113137146,64.66317374683,-49.25
2025-08-01,6238.009765625,6287.27978515625,6212.68994140625,6287.27978515625,5827150000.0,6129.667783203125,5900.925246582031,60.14339769014168,76.38029644312552,47.80627327989161,-151.76025390625
2025-08-04,6329.93994140625,6330.68994140625,6271.7099609375,6271.7099609375,4842580000.0,6139.374384765625,5903.275695800781,56.552351309147525,72.41470741632992,58.39716503283599,-40.919921875
2025-08-05,6299.18994140625,6346.0,6289.3701171875,6336.6298828125,5517410000.0,6148.51798828125,5905.695346679688,50.64139073931892,68.06004408092772,54.41939523304224,-63.7099609375
2025-08-06,6345.06005859375,6352.830078125,6301.10986328125,6309.2998046875,5408560000.0,6159.36279296875,5908.208295898437,49.09234105723863,64.26650347618991,58.915116286379664,5.669921875
2025-08-07,6340.0,6389.7099609375,6310.31982421875,6374.31982421875,5306090000.0,6167.7319921875,5910.700944824219,46.91558986799009,60.79632075454995,58.232782003078995,101.990234375
2025-08-08,6389.4501953125,6395.16015625,6355.22021484375,6355.22021484375,4769910000.0,6177.75,5913.324846191406,48.620252352989155,58.36110707423779,62.770661143523995,59.51025390625
2025-08-11,6373.4501953125,6407.25,6364.06005859375,6389.669921875,4652400000.0,6186.97560546875,5915.922197265625,48.125383902740396,56.313962439938315,60.48099095669125,74.26025390625
2025-08-12,6445.759765625,6446.5498046875,6385.759765625,6395.169921875,5135300000.0,6197.657001953125,5918.894995117187,52.95751384382493,55.64267272071564,66.43912165890339,100.69970703125
2025-08-13,6466.580078125,6480.27978515625,6445.02001953125,6462.669921875,5195950000.0,6208.2698046875,5922.240795898438,57.80074583363512,56.07428734329954,67.93801434835552,126.580078125
2025-08-14,6468.5400390625,6473.919921875,6441.06982421875,6453.4599609375,4462050000.0,6218.233203125,5925.534196777344,61.09295301344446,57.07802047732852,68.08252855818401,79.08984375
2025-08-15,6449.7998046875,6481.33984375,6441.85009765625,6477.3798828125,4575060000.0,6227.812998046875,5928.742595214844,61.48115415274333,57.958647212411485,65.0628181343525,76.349609375
2025-08-18,6449.14990234375,6455.35009765625,6437.7001953125,6445.02001953125,4162290000.0,6238.01,5931.870744628906,61.03281634952691,58.573481039834576,64.95522081301092,3.39013671875
2025-08-19,6411.3701171875,6456.47998046875,6400.22021484375,6446.240234375,4377440000.0,6246.230205078125,5934.762995605469,56.97225183198407,58.25323519826448,58.86132937478524,-55.2099609375
2025-08-20,6395.77978515625,6408.39990234375,6343.85986328125,6406.6201171875,4470390000.0,6254.028203125,5937.673544921875,51.89796822364406,56.982181803340396,56.505457802380384,-72.76025390625
2025-08-21,6370.169921875,6393.64990234375,6352.7099609375,6380.830078125,4013560000.0,6260.655400390625,5940.997143554688,45.28800800409135,54.64334704349059,52.769185544710744,-79.6298828125
2025-08-22,6466.91015625,6478.89013671875,6384.58984375,6384.58984375,5046860000.0,6269.548798828125,5944.6876953125,47.31033128074796,53.17674389094207,62.78071994350333,17.76025390625
2025-08-25,6439.31982421875,6466.89013671875,6438.06005859375,6457.669921875,4059070000.0,6277.43,5948.320844726562,46.15468535220862,51.77233218319538,58.94326015604129,27.94970703125
2025-08-26,6465.93994140625,6468.3701171875,6429.2099609375,6435.490234375,4867680000.0,6287.20939453125,5951.736745605469,46.84682754449659,50.78723125545562,61.39512971859112,70.16015625
2025-08-27,6481.39990234375,6487.06005859375,6457.83984375,6462.259765625,4143680000.0,6296.1751953125,5954.498544921875,48.08851044749099,50.2474870938627,62.78512269400434,111.22998046875
2025-08-28,6501.85986328125,6508.22998046875,6466.9599609375,6483.83984375,4283760000.0,6306.55798828125,5957.14234375,50.14545535570596,50.22708074623136,64.60162090843691,34.94970703125
2025-08-29,6460.259765625,6491.759765625,6444.56982421875,6489.27978515625,4234840000.0,6316.14578125,5959.4659423828125,47.867037389783945,49.75507207494188,58.363757485018084,20.93994140625
2025-09-02,6415.5400390625,6416.5400390625,6360.580078125,6401.509765625,4784000000.0,6325.09978515625,5961.536892089844,41.96907319053116,48.197872298059735,52.495562777436874,-50.39990234375
2025-09-03,6448.259765625,6453.669921875,6416.169921875,6445.81982421875,4465360000.0,6333.56158203125,5963.858239746094,39.48000166971451,46.45429817239069,55.98278066894971,-33.14013671875
2025-09-04,6502.080078125,6502.5400390625,6445.97998046875,6456.60009765625,4670770000.0,6341.759580078125,5966.4417407226565,41.37331812298089,45.438102162508734,61.04797569936554,0.22021484375
2025-09-05,6481.5,6532.64990234375,6443.97998046875,6529.080078125,5066120000.0,6349.546376953125,5969.103391113281,40.743479275847676,44.499177585176525,58.28597902248405,21.240234375
2025-09-08,6495.14990234375,6508.669921875,6483.2900390625,6498.08984375,5211500000.0,6356.628974609375,5972.226040039062,40.87458373613299,43.77425881536782,59.59181443482633,79.60986328125
2025-09-09,6512.60986328125,6518.22998046875,6483.080078125,6503.330078125,4798350000.0,6363.419775390625,5975.320988769531,41.90431108053144,43.40026926840055,61.262284873515526,64.35009765625
2025-09-10,6532.0400390625,6555.97021484375,6516.33984375,6550.2900390625,5253010000.0,6369.961572265625,5978.3962890625,43.78352104424266,43.476919623568975,63.09089493440689,29.9599609375
2025-09-11,6587.47021484375,6592.89013671875,6545.7998046875,6554.41015625,5426460000.0,6377.75078125,5981.748090820312,49.17865944230107,44.617267587315396,67.76566287803396,105.97021484375
2025-09-12,6584.2900390625,6600.2099609375,6579.490234375,6590.66015625,4641640000.0,6384.88818359375,5984.925991210937,52.59148992612336,46.21211205507699,67.2394755143394,89.14013671875
2025-09-15,6615.27978515625,6619.6201171875,6602.06982421875,6603.490234375,5045020000.0,6391.60677734375,5988.155690917969,57.13814324228224,48.397318292518044,69.707857080303,102.669921875
2025-09-16,6606.759765625,6626.990234375,6600.10986328125,6624.1298828125,5359510000.0,6399.142373046875,5991.252639160156,59.36952940210995,50.59176051443643,68.18671948010244,74.7197265625
2025-09-17,6600.35009765625,6624.39013671875,6551.14990234375,6604.8701171875,5805340000.0,6406.638974609375,5994.146240234375,59.929878043760255,52.4593840203012,67.00216448541451,12.8798828125
2025-09-18,6631.9599609375,6656.7998046875,6611.89013671875,6626.85009765625,5292400000.0,6414.012978515625,5997.3123388671875,62.20752059690494,54.409011335621955,69.78947569285405,47.669921875
2025-09-19,6664.35986328125,6671.81982421875,6630.31005859375,6647.10986328125,9125960000.0,6421.6909765625,6000.472238769531,65.86768836144074,56.70074674078572,72.3660829429054,49.080078125
2025-09-22,6693.75,6698.8798828125,6648.06982421875,6654.27978515625,5642620000.0,6430.3709765625,6003.7052392578125,70.32922457205859,59.4264423070403,74.49137942920255,86.990234375
2025-09-23,6656.919921875,6699.52001953125,6645.580078125,6692.43994140625,5633620000.0,6438.138173828125,6006.740439453125,70.0852455752829,61.55820296068882,67.4868063774482,56.56982421875
2025-09-24,6637.97021484375,6672.66015625,6621.759765625,6669.7900390625,5459180000.0,6446.0223828125,6009.497839355468,67.58374414140872,62.7633111968328,64.14469484370176,6.01025390625
2025-09-25,6604.72021484375,6619.0,6569.22021484375,6608.18994140625,5874670000.0,6452.842783203125,6012.145891113281,62.20127157479601,62.650903272425445,58.655777497940676,-59.6396484375
2025-09-26,6643.7001953125,6648.97021484375,6604.43017578125,6615.3798828125,5103110000.0,6459.76958984375,6014.913041992188,60.384902375387355,62.19770309301783,62.68686594038384,-50.0498046875
2025-09-29,6661.2099609375,6677.31005859375,6644.490234375,6661.580078125,5358760000.0,6467.05798828125,6017.954841308594,59.670464478410395,61.69225537009635,64.36751489091063,4.2900390625
2025-09-30,6688.4599609375,6691.25,6641.0,6656.18994140625,6057210000.0,6474.715185546875,6021.222590332031,60.60450356791898,61.47470500966088,66.86858637011059,50.48974609375
2025-10-01,6711.2001953125,6718.47998046875,6656.2001953125,6664.919921875,6037950000.0,6482.746787109375,6024.357641601562,62.459686752657944,61.67170135826029,68.83451179376499,106.47998046875
2025-10-02,6715.35009765625,6731.93994140625,6693.22998046875,6731.31005859375,5416130000.0,6489.8755859375,6027.678142089844,63.53243289059901,62.04384766472804,69.19375900298198,71.64990234375
2025-10-03,6715.7900390625,6750.8701171875,6705.669921875,6722.14013671875,5713110000.0,6496.924384765625,6031.001643066406,63.68398222321048,62.37187457642453,69.2342472188399,54.580078125
2025-10-06,6740.27978515625,6749.52001953125,6717.77978515625,6733.85986328125,5604460000.0,6503.957177734375,6034.3326416015625,65.03057204714332,62.903614070568295,71.48120662575776,51.81982421875
2025-10-07,6714.58984375,6754.490234375,6699.9599609375,6746.14013671875,5546150000.0,6510.45357421875,6037.652541503906,63.29516336913184,62.981923930281006,66.03301559407832,3.3896484375
2025-10-08,6753.72021484375,6755.64013671875,6718.08984375,6723.8701171875,5383130000.0,6518.11078125,6042.060341796875,64.33571137681065,63.252681419586935,69.80778914730747,38.3701171875
2025-10-09,6735.10986328125,6764.580078125,6716.169921875,6760.5,5385020000.0,6525.55498046875,6046.400490722656,62.933198592920235,63.1887848542536,66.04836540088405,19.31982421875
2025-10-10,6552.509765625,6762.39990234375,6550.77978515625,6740.490234375,6596610000.0,6529.817373046875,6049.5087890625,46.55078678574955,59.86118524055279,42.09456122909354,-187.77001953125
2025-10-13,6654.72021484375,6668.68017578125,6620.7099609375,6622.52978515625,5303960000.0,6538.15158203125,6052.912041015625,41.33861067181897,56.15667032680603,52.48280616264825,-59.86962890625
2025-10-14,6644.31005859375,6680.7001953125,6555.06982421875,6602.490234375,5666920000.0,6544.438984375,6055.933391113282,35.95346181421701,52.11602862428823,51.470006193533784,-109.41015625
2025-10-15,6671.06005859375,6724.1201171875,6612.10986328125,6688.27001953125,5633060000.0,6551.87638671875,6059.1007421875,33.45850516721657,48.3845239328739,53.93022612793645,-64.0498046875
2025-10-16,6629.06982421875,6709.33984375,6593.990234375,6689.02001953125,6048180000.0,6557.55658203125,6062.391892089844,27.772825221079074,44.26218419051494,49.673301874246725,76.56005859375
2025-10-17,6664.009765625,6678.8798828125,6603.759765625,6613.27001953125,5358120000.0,6564.03677734375,6066.177241210938,25.78896503105898,40.567540358623745,52.99790246270108,9.28955078125
2025-10-20,6735.1298828125,6744.35009765625,6690.0498046875,6690.0498046875,4672170000.0,6570.95037109375,6070.4447412109375,29.614166936672518,38.3768656742335,58.94328989124013,90.81982421875
2025-10-21,6735.35009765625,6752.16015625,6722.02978515625,6736.75,5245020000.0,6578.188369140625,6074.778742675781,32.29120360881461,37.159733261149725,58.960600115872886,64.2900390625
2025-10-22,6699.39990234375,6741.75,6655.68994140625,6741.33984375,5710010000.0,6583.261171875,6078.563391113281,31.152784240307483,35.958343456981275,54.89180827744208,70.330078125
2025-10-23,6738.43994140625,6749.52978515625,6700.14013671875,6703.64990234375,5565750000.0,6588.698369140625,6082.37869140625,33.02014785982101,35.37070433754922,58.260379577657936,74.43017578125
2025-10-24,6791.68994140625,6807.10986328125,6772.06982421875,6772.06982421875,5058220000.0,6595.1613671875,6086.7919921875,38.35474730120859,35.967512930281096,62.38638208122467,56.56005859375
2025-10-27,6875.16015625,6877.27978515625,6843.93994140625,6845.4599609375,5290650000.0,6603.66857421875,6091.57654296875,48.75577827785128,38.525165999795135,67.76536697699038,139.81005859375
2025-10-28,6890.89013671875,6911.2998046875,6870.72998046875,6897.740234375,5695930000.0,6612.50337890625,6096.895793457032,57.60392602312277,42.34091800446066,68.67451450377922,191.490234375
2025-10-29,6890.58984375,6920.33984375,6851.91015625,6910.9501953125,6280130000.0,6622.0877734375,6102.1676416015625,63.85582551808602,46.643899507185736,68.63471687870027,152.14990234375
2025-10-30,6822.33984375,6880.75,6820.68994140625,6860.5,6052700000.0,6630.618974609375,6107.064790039062,62.58189121336454,49.8314978484215,60.108788251764544,30.64990234375
2025-10-31,6840.2001953125,6879.169921875,6814.259765625,6879.169921875,6398280000.0,6640.019580078125,6111.516240234375,62.29536798002573,52.32427187474235,61.45807206904078,-34.9599609375
2025-11-03,6851.97021484375,6882.31982421875,6820.6201171875,6882.31982421875,6065720000.0,6647.72078125,6116.089392089843,62.299884178848515,54.31939433556359,62.36157463907225,-38.919921875
2025-11-04,6771.5498046875,6820.2099609375,6766.7099609375,6788.52001953125,5739510000.0,6654.365380859375,6119.963840332031,55.178148946898546,54.49114525783058,53.187192818696346,-119.0400390625
2025-11-05,6796.2900390625,6829.77978515625,6763.10986328125,6769.77001953125,5939600000.0,6660.9723828125,6123.6990893554685,50.943210992272725,53.781558404719014,55.362792393908215,-26.0498046875
2025-11-06,6720.31982421875,6796.68017578125,6707.509765625,6787.58984375,6051900000.0,6665.75078125,6126.868837890625,40.984388208466044,51.222124365468424,47.98768559187487,-119.88037109375
2025-11-07,6728.7998046875,6730.10986328125,6631.43994140625,6696.18017578125,5926070000.0,6670.289580078125,6129.919287109375,33.391298848762744,47.65595926212729,48.80745782469421,-123.17041015625
2025-11-10,6832.43017578125,6841.31982421875,6770.56005859375,6785.35986328125,5366050000.0,6677.73298828125,6133.575236816407,35.32857982116002,45.19048337393384,57.601933660304155,60.88037109375
2025-11-11,6846.60986328125,6855.1298828125,6806.8701171875,6815.64013671875,4983490000.0,6686.354384765625,6137.746887207031,37.57493081296889,43.66737286174085,58.64871638765896,50.31982421875
2025-11-12,6850.919921875,6869.91015625,6829.6201171875,6867.77001953125,5293610000.0,6694.407587890625,6141.662985839844,39.25051041445204,42.78400037228309,58.9802326880476,130.60009765625
2025-11-13,6737.490234375,6828.0498046875,6724.72021484375,6826.47021484375,5473720000.0,6699.115791015625,6145.15388671875,31.06746511174515,40.440693320175505,48.06008170914494,8.6904296875
2025-11-14,6734.10986328125,6774.31005859375,6646.8701171875,6672.14013671875,5042660000.0,6704.16798828125,6148.468586425781,24.032542862980335,37.15906322873647,47.776187859920896,-98.3203125
2025-11-17,6672.41015625,6754.5,6638.89990234375,6713.60986328125,5204220000.0,6707.713193359375,6151.62798828125,13.325062558886202,32.39226309476642,42.80593103170247,-174.19970703125
2025-11-18,6617.31982421875,6666.6298828125,6574.31982421875,6641.18994140625,5159390000.0,6709.807392578125,6154.74173828125,0.38948811234331515,25.9917080982818,38.91330708845086,-233.60009765625
2025-11-19,6642.16015625,6689.75,6603.5,6625.83984375,5021610000.0,6712.009794921875,6157.763139648438,-7.768094874475537,19.239747503730335,41.49667204271467,-95.330078125
2025-11-20,6538.759765625,6770.35009765625,6534.0498046875,6737.93017578125,5596080000.0,6711.0355859375,6160.149538574219,-22.319302508029978,10.927937501378274,34.883514749025125,-195.35009765625
2025-11-21,6602.990234375,6660.0498046875,6521.919921875,6555.77001953125,5929930000.0,6711.40958984375,6162.746640625,-28.341672206592193,3.0740155597841805,41.15680556176964,-69.419921875
2025-11-24,6705.1201171875,6715.75,6630.7001953125,6636.5400390625,6039740000.0,6713.206396484375,6166.142290039063,-24.589957846273137,-2.4587791214272836,49.48945234394488,87.80029296875
2025-11-25,6765.8798828125,6776.39990234375,6659.97998046875,6697.02978515625,5003330000.0,6716.388798828125,6169.639489746094,-16.523420188231285,-5.2717073347880845,53.69091822182628,123.7197265625
2025-11-26,6812.60986328125,6831.43994140625,6783.8701171875,6793.5498046875,4485000000.0,6720.633994140625,6173.3600390625,-6.287434462193232,-5.474852760269115,56.67571238414243,273.85009765625
2025-11-28,6849.08984375,6850.85986328125,6819.75,6822.52001953125,2558540000.0,6724.976591796875,6177.345637207031,4.713948060981238,-3.437092596019044,58.90263864529961,246.099609375
2025-12-01,6812.6298828125,6843.64990234375,6799.93994140625,6812.2998046875,4549370000.0,6727.9419921875,6180.8334375,10.371057734426358,-0.6754625299299637,55.81469579539718,107.509765625
2025-12-02,6829.3701171875,6851.5498046875,6806.7099609375,6830.9599609375,4582290000.0,6730.65439453125,6184.407138671875,16.020480787872657,2.6637261336305604,56.93111713439517,63.490234375
2025-12-03,6849.72021484375,6862.419921875,6810.43017578125,6815.2900390625,4736780000.0,6734.510400390625,6188.007839355469,21.887466972832954,6.50847430147104,58.31013660642781,37.1103515625
2025-12-04,6857.1201171875,6866.47021484375,6827.1201171875,6866.47021484375,4872440000.0,6738.8933984375,6191.572690429687,26.82498434775607,10.571776310728048,58.826398208763734,8.0302734375
2025-12-05,6870.39990234375,6895.77978515625,6858.2900390625,6866.31982421875,4944560000.0,6744.2069921875,6195.33708984375,31.447067895014698,14.746834627585377,59.788756085298644,57.77001953125
2025-12-08,6846.509765625,6878.27001953125,6827.18994140625,6875.2001953125,4757130000.0,6748.26318359375,6199.5039892578125,32.80422138729682,18.358311979527667,57.19866003074707,17.1396484375
2025-12-09,6840.509765625,6864.919921875,6837.43017578125,6840.60986328125,4508050000.0,6751.8491796875,6203.790288085937,33.015048523559926,21.28965928833412,56.53622927027812,-9.21044921875
2025-12-10,6886.68017578125,6900.669921875,6824.68994140625,6833.490234375,5526570000.0,6755.813583984375,6208.447438964844,36.4870962522009,24.329146681107478,60.342319745865474,29.56005859375
2025-12-11,6901.0,6903.4599609375,6833.4501953125,6861.2998046875,5021060000.0,6759.609580078125,6213.172138671875,39.93387636186617,27.450092617259216,61.46930236024033,30.60009765625
2025-12-12,6827.41015625,6899.85009765625,6801.7900390625,6886.85009765625,4910160000.0,6761.85078125,6218.001340332031,36.30884331260859,29.221842756329092,53.115635210689604,-19.099609375
2025-12-15,6816.509765625,6861.58984375,6801.490234375,6860.18994140625,4975600000.0,6763.86517578125,6222.311389160156,32.18539488156512,29.8145531813763,51.98860410160175,-24.0
2025-12-16,6800.259765625,6819.27001953125,6759.740234375,6800.1201171875,4983180000.0,6765.064775390625,6227.0640869140625,27.29169146827917,29.309980838756875,50.275949473656055,-86.42041015625
2025-12-17,6721.43017578125,6812.259765625,6720.43017578125,6802.8798828125,5122120000.0,6765.20158203125,6231.78048828125,16.858176596052544,26.81961999021601,42.893888341116416,-179.56982421875
2025-12-18,6774.759765625,6816.1298828125,6758.5,6778.06005859375,5101190000.0,6765.622373046875,6236.441137695312,12.745866679751998,24.00486932812321,48.41245022590483,-52.650390625
2025-12-19,6834.5,6840.02001953125,6792.6201171875,6792.6201171875,8554470000.0,6767.61017578125,6241.921037597656,14.144322146413288,22.032759891781225,53.79863775142441,17.990234375
2025-12-22,6878.490234375,6882.02978515625,6855.740234375,6865.2099609375,4465030000.0,6774.12978515625,6247.462487792969,18.587981768198006,21.343804267064584,57.33143447118722,78.23046875
2025-12-23,6909.7900390625,6910.8798828125,6868.81005859375,6872.41015625,3820560000.0,6779.231181640625,6253.9386376953125,24.35450313619731,21.94594404089113,59.69307385183879,188.35986328125
2025-12-24,6932.0498046875,6937.31982421875,6904.91015625,6904.91015625,1798270000.0,6784.9859765625,6260.738537597656,30.370596586781176,23.63087455006914,61.33222269409267,157.2900390625
2025-12-26,6929.93994140625,6945.77001953125,6921.60009765625,6936.02001953125,2586550000.0,6790.16357421875,6267.39173828125,34.56964826965486,25.818629293986287,61.07868251967377,95.43994140625
2025-12-29,6905.740234375,6920.2099609375,6888.759765625,6903.60009765625,3541750000.0,6795.696982421875,6274.312839355469,35.535086511355075,27.761920737460045,58.11139351938977,27.25
